date,time,count
W0115,11:55:51.685983,1
W0115,11:56:59.513351,2
W0115,11:58:04.973254,3
W0115,13:11:23.111208,4
W0115,13:19:35.536819,5
W0115,13:19:41.650547,6
W0115,13:21:05.851639,7
W0115,13:21:10.853431,8
W0115,13:28:24.344712,9
W0115,13:28:29.311233,10
W0115,13:33:12.459928,11
W0115,13:33:17.522074,12
W0115,13:34:14.677425,13
W0115,13:34:19.680124,14
W0115,13:39:02.847654,15
W0115,13:39:07.819600,16
W0115,13:40:04.857002,17
W0115,13:40:09.881026,18
W0115,14:42:21.320180,19
W0115,14:42:26.322134,20
W0115,14:43:23.456167,21
W0115,14:43:29.052405,22
W0115,14:44:28.891711,23
W0115,14:44:34.284209,24
W0115,14:45:31.388809,25
W0115,14:45:36.926678,26
W0115,14:46:36.977281,27
W0115,14:46:42.366086,28
W0115,14:47:38.983830,29
W0115,14:47:44.400599,30
W0115,14:48:44.044358,31
W0115,14:48:49.672047,32
W0115,14:49:46.755056,33
W0115,14:49:52.443135,34
W0115,14:50:52.347631,35
W0115,14:50:57.738834,36
W0115,14:51:54.464637,37
W0115,14:52:00.094201,38
W0115,14:52:59.502981,39
W0115,14:53:05.168417,40
W0115,14:54:02.177160,41
W0115,14:54:07.599141,42
W0115,14:55:07.011633,43
W0115,14:55:12.370839,44
W0115,14:56:09.468488,45
W0115,14:56:15.041505,46
W0115,14:57:14.371836,47
W0115,14:57:19.786391,48
W0115,14:58:16.612043,49
W0115,14:58:22.033475,50
W0115,14:59:21.391376,51
W0115,14:59:27.083895,52
W0115,15:00:23.773643,53
W0115,15:00:29.432217,54
W0115,15:01:28.965858,55
W0115,15:01:34.415879,56
W0115,15:02:30.910013,57
W0115,15:02:36.332782,58
W0115,15:03:35.698988,59
W0115,15:03:41.146780,60
W0115,15:04:38.029688,61
W0115,15:04:43.506018,62
W0115,15:05:43.298101,63
W0115,15:05:48.752511,64
W0115,15:06:45.607623,65
W0115,15:06:51.029731,66
W0115,15:07:50.398713,67
W0115,15:07:55.848016,68
W0115,15:08:52.810515,69
W0115,15:08:58.257524,70
W0115,15:09:57.768213,71
W0115,15:10:03.183398,72
W0115,15:11:00.159817,73
W0115,15:11:05.639408,74
W0115,15:12:04.943439,75
W0115,15:12:10.693257,76
W0115,15:13:07.383945,77
W0115,15:13:12.918267,78
W0115,15:14:12.331024,79
W0115,15:14:17.871702,80
W0115,15:15:14.549047,81
W0115,15:15:20.297142,82
W0115,15:16:19.628499,83
W0115,15:16:25.139977,84
W0115,15:17:21.980736,85
W0115,15:17:27.610532,86
W0115,15:18:27.397109,87
W0115,15:18:32.965512,88
W0115,15:19:29.830148,89
W0115,15:19:35.402609,90
W0115,15:20:34.866736,91
W0115,15:20:40.467792,92
W0115,15:21:36.800282,93
W0115,15:21:42.368530,94
W0115,15:22:41.410245,95
W0115,15:22:46.978242,96
W0115,15:23:43.506435,97
W0115,15:23:49.072546,98
W0115,15:24:48.316926,99
W0115,15:24:53.884963,100
W0115,15:25:50.918957,101
W0115,15:25:56.457958,102
W0115,15:26:55.605768,103
W0115,15:27:01.172901,104
W0115,15:27:57.917037,105
W0115,15:28:03.485214,106
W0115,15:29:02.718668,107
W0115,15:29:08.318329,108
W0115,15:30:05.272058,109
W0115,15:30:10.846640,110
W0115,15:31:10.155614,111
W0115,15:31:15.756196,112
W0115,15:32:12.306448,113
W0115,15:32:17.906947,114
W0115,15:33:17.144104,115
W0115,15:33:22.743659,116
W0115,15:34:19.336021,117
W0115,15:34:24.967681,118
W0115,15:35:24.331323,119
W0115,15:35:29.927047,120
W0115,15:36:26.266878,121
W0115,15:36:31.899852,122
W0115,15:37:30.765899,123
W0115,15:37:36.396543,124
W0115,15:38:33.081480,125
W0115,15:38:38.745726,126
W0115,15:39:38.088670,127
W0115,15:39:43.715932,128
W0115,15:40:40.317253,129
W0115,15:40:46.011368,130
W0115,15:41:44.904036,131
W0115,15:41:50.595041,132
W0115,15:42:47.256259,133
W0115,15:42:52.942224,134
W0115,15:43:52.167899,135
W0115,15:43:57.828018,136
W0115,15:44:54.203305,137
W0115,15:44:59.859623,138
W0115,15:45:59.010438,139
W0115,15:46:04.635604,140
W0115,15:47:01.004199,141
W0115,15:47:06.661185,142
W0115,15:48:05.756465,143
W0115,15:48:11.445082,144
W0115,15:49:07.914111,145
W0115,15:49:13.632135,146
W0115,15:50:12.799021,147
W0115,15:50:18.494141,148
W0115,15:51:14.749864,149
W0115,15:51:20.495471,150
W0115,15:52:19.492964,151
W0115,15:52:25.246500,152
W0115,15:53:21.750460,153
W0115,15:53:27.475251,154
W0115,15:54:26.722965,155
W0115,15:54:32.477739,156
W0115,15:55:29.317734,157
W0115,15:55:35.069905,158
W0115,15:56:33.867748,159
W0115,15:56:39.557667,160
W0115,15:57:36.011520,161
W0115,15:57:41.699985,162
W0115,15:58:40.809262,163
W0115,15:58:46.531412,164
W0115,15:59:43.318940,165
W0115,15:59:49.065805,166
W0115,16:00:48.053694,167
W0115,16:00:53.802486,168
W0115,16:01:50.364178,169
W0115,16:01:56.058125,170
W0115,16:02:55.164130,171
W0115,16:03:00.917194,172
W0115,16:03:57.270102,173
W0115,16:04:02.994911,174
W0115,16:05:02.196214,175
W0115,16:05:07.942728,176
W0115,16:06:04.142925,177
W0115,16:06:09.863245,178
W0115,16:07:08.678293,179
W0115,16:07:14.396045,180
W0115,16:08:10.811151,181
W0115,16:08:16.590970,182
W0115,16:09:15.923207,183
W0115,16:09:21.699882,184
W0115,16:10:18.092856,185
W0115,16:10:23.872831,186
W0115,16:11:22.813099,187
W0115,16:11:28.596107,188
W0115,16:12:24.950168,189
W0115,16:12:30.757750,190
W0115,16:13:29.751307,191
W0115,16:13:35.533746,192
W0115,16:14:32.032393,193
W0115,16:14:37.812359,194
W0115,16:15:36.729473,195
W0115,16:15:42.544320,196
W0115,16:16:38.956974,197
W0115,16:16:44.768545,198
W0115,16:17:43.600059,199
W0115,16:17:49.411569,200
W0115,16:18:45.793330,201
W0115,16:18:51.634140,202
W0115,16:19:50.830549,203
W0115,16:19:56.635720,204
W0115,16:20:52.807957,205
W0115,16:20:58.586472,206
W0115,16:21:57.452282,207
W0115,16:22:03.257936,208
W0115,16:22:59.793555,209
W0115,16:23:05.608508,210
W0115,16:24:04.803750,211
W0115,16:24:10.611268,212
W0115,16:25:06.976614,213
W0115,16:25:12.783064,214
W0115,16:26:11.613584,215
W0115,16:26:17.423797,216
W0115,16:27:13.794414,217
W0115,16:27:19.635602,218
W0115,16:28:18.560945,219
W0115,16:28:24.369711,220
W0115,16:29:20.817497,221
W0115,16:29:26.686316,222
W0115,16:30:26.481688,223
W0115,16:30:32.353039,224
W0115,16:31:28.806464,225
W0115,16:31:34.680299,226
W0115,16:32:33.721613,227
W0115,16:32:39.566244,228
W0115,16:33:36.001266,229
W0115,16:33:41.841919,230
W0115,16:34:41.299928,231
W0115,16:34:47.145292,232
W0115,16:35:43.456310,233
W0115,16:35:49.300042,234
W0115,16:36:48.253336,235
W0115,16:36:54.119410,236
W0115,16:37:50.567533,237
W0115,16:37:56.412736,238
W0115,16:38:55.867056,239
W0115,16:39:01.740001,240
W0115,16:39:58.764072,241
W0115,16:40:04.634137,242
W0115,16:41:03.557475,243
W0115,16:41:09.429512,244
W0115,16:42:05.752597,245
W0115,16:42:11.591596,246
W0115,16:43:10.714032,247
W0115,16:43:16.583678,248
W0115,16:44:13.158207,249
W0115,16:44:19.030038,250
W0115,16:45:18.310217,251
W0115,16:45:24.242095,252
W0115,16:46:20.385210,253
W0115,16:46:26.258577,254
W0115,16:47:25.345564,255
W0115,16:47:31.190862,256
W0115,16:48:27.813124,257
W0115,16:48:33.716708,258
W0115,16:49:33.466117,259
W0115,16:49:39.369072,260
W0115,16:50:35.685117,261
W0115,16:50:41.580986,262
W0115,16:51:40.750658,263
W0115,16:51:46.677127,264
W0115,16:52:43.636478,265
W0115,16:52:49.532442,266
W0115,16:53:48.786873,267
W0115,16:53:54.746410,268
W0115,16:54:51.395363,269
W0115,16:54:57.299584,270
W0115,16:55:56.445101,271
W0115,16:56:02.345065,272
W0115,16:56:58.607071,273
W0115,16:57:04.508652,274
W0115,16:58:03.483407,275
W0115,16:58:09.413772,276
W0115,16:59:06.099412,277
W0115,16:59:11.998848,278
W0116,08:57:56.296461,279
W0116,08:58:01.658653,280
W0116,08:58:58.918026,281
W0116,08:59:04.247362,282
W0116,09:00:04.261912,283
W0116,09:00:09.834658,284
W0116,09:01:07.057242,285
W0116,09:01:12.777976,286
W0116,09:02:12.696439,287
W0116,09:02:18.415808,288
W0116,09:03:15.799345,289
W0116,09:03:21.367254,290
W0116,09:04:21.445761,291
W0116,09:04:27.016703,292
W0116,09:05:24.130178,293
W0116,09:05:29.491847,294
W0116,09:06:29.345499,295
W0116,09:06:34.730589,296
W0116,09:07:32.065658,297
W0116,09:07:37.398313,298
W0116,09:08:36.781572,299
W0116,09:08:42.109206,300
W0116,09:09:39.442314,301
W0116,09:09:45.165650,302
W0116,09:16:29.624599,303
W0116,09:16:35.010207,304
W0116,09:17:32.289628,305
W0116,09:17:37.618439,306
W0116,09:18:37.244333,307
W0116,09:18:42.626528,308
W0116,09:19:39.384744,309
W0116,09:19:44.838327,310
W0116,09:20:44.473982,311
W0116,09:20:49.893522,312
W0116,09:21:46.800452,313
W0116,09:21:52.188599,314
W0116,09:22:51.956907,315
W0116,09:22:57.315137,316
W0116,09:23:54.135625,317
W0116,09:23:59.552208,318
W0116,09:24:59.027146,319
W0116,09:25:04.411398,320
W0116,09:26:01.360001,321
W0116,09:26:06.775024,322
W0116,09:27:06.666093,323
W0116,09:27:12.085749,324
W0116,09:28:08.709780,325
W0116,09:28:14.183471,326
W0116,09:29:13.649657,327
W0116,09:29:19.304862,328
W0116,09:30:16.252898,329
W0116,09:30:21.705680,330
W0116,09:31:20.965296,331
W0116,09:31:26.684465,332
W0116,09:32:23.248428,333
W0116,09:32:28.693835,334
W0116,09:33:27.849994,335
W0116,09:33:33.302863,336
W0116,09:34:30.002616,337
W0116,09:34:35.545243,338
W0116,09:35:34.955011,339
W0116,09:35:40.432116,340
W0116,09:36:37.126025,341
W0116,09:36:42.667299,342
W0116,09:37:41.696591,343
W0116,09:37:47.416296,344
W0116,09:38:43.828552,345
W0116,09:38:49.390084,346
W0116,09:39:48.776077,347
W0116,09:39:54.290123,348
W0116,09:40:51.000466,349
W0116,09:40:56.745875,350
W0116,09:41:56.151686,351
W0116,09:42:01.718277,352
W0116,09:42:58.420138,353
W0116,09:43:03.925408,354
W0116,09:44:03.182312,355
W0116,09:44:08.746802,356
W0116,09:45:05.340126,357
W0116,09:45:11.117234,358
W0116,09:46:10.412833,359
W0116,09:46:15.948329,360
W0116,09:47:12.408906,361
W0116,09:47:17.947997,362
W0116,09:48:17.390162,363
W0116,09:48:22.929014,364
W0116,09:49:19.530592,365
W0116,09:49:25.066820,366
W0116,09:50:24.260545,367
W0116,09:50:29.802872,368
W0116,09:51:26.520730,369
W0116,09:51:32.166746,370
W0116,09:52:31.430248,371
W0116,09:52:36.969475,372
W0116,09:53:33.510468,373
W0116,09:53:39.079219,374
W0116,09:54:38.322933,375
W0116,09:54:43.893769,376
W0116,09:55:40.445864,377
W0116,09:55:46.017539,378
W0116,09:56:45.139488,379
W0116,09:56:50.705987,380
W0116,09:57:47.369267,381
W0116,09:57:53.033011,382
W0116,09:58:52.129165,383
W0116,09:58:57.727789,384
W0116,09:59:54.293962,385
W0116,09:59:59.859875,386
W0116,10:00:59.249086,387
W0116,10:01:04.844857,388
W0116,10:02:01.325793,389
W0116,10:02:06.928654,390
W0116,10:03:06.143173,391
W0116,10:03:11.804051,392
W0116,10:04:08.468484,393
W0116,10:04:14.100852,394
W0116,10:05:13.404475,395
W0116,10:05:19.065376,396
W0116,10:06:15.673352,397
W0116,10:06:21.361301,398
W0116,10:07:20.535589,399
W0116,10:07:26.163724,400
W0116,10:08:22.667704,401
W0116,10:08:28.325502,402
W0116,10:09:27.561342,403
W0116,10:09:33.224225,404
W0116,10:10:30.177151,405
W0116,10:10:35.863379,406
W0116,10:11:34.838348,407
W0116,10:11:40.526358,408
W0116,10:12:36.897028,409
W0116,10:12:42.577715,410
W0116,10:13:41.667925,411
W0116,10:13:47.357033,412
W0116,10:14:44.057628,413
W0116,10:14:49.711788,414
W0116,10:15:49.263379,415
W0116,10:15:54.921756,416
W0116,10:16:51.410732,417
W0116,10:16:57.135228,418
W0116,10:17:56.576756,419
W0116,10:18:02.267902,420
W0116,10:18:58.725154,421
W0116,10:19:04.388165,422
W0116,10:20:03.581210,423
W0116,10:20:09.298887,424
W0116,10:21:05.542260,425
W0116,10:21:11.264237,426
W0116,10:22:10.453011,427
W0116,10:22:16.142560,428
W0116,10:23:12.629124,429
W0116,10:23:18.317456,430
W0116,10:24:17.520684,431
W0116,10:24:23.209095,432
W0116,10:25:20.084625,433
W0116,10:25:25.802145,434
W0116,10:26:24.641716,435
W0116,10:26:30.364739,436
W0116,10:27:27.260788,437
W0116,10:28:27.785374,438
W0116,10:28:33.506222,439
W0116,10:29:30.090451,440
W0116,10:29:35.780706,441
W0116,10:30:35.286703,442
W0116,10:30:41.038381,443
W0116,10:31:37.395293,444
W0116,10:31:43.087265,445
W0116,10:32:42.186898,446
W0116,10:32:47.932921,447
W0116,10:33:44.383538,448
W0116,10:33:50.105187,449
W0116,10:34:49.620608,450
W0116,10:34:55.368407,451
W0116,10:35:52.384755,452
W0116,10:35:58.163113,453
W0116,10:36:57.141395,454
W0116,10:37:02.893289,455
W0116,10:37:59.414351,456
W0116,10:38:05.164757,457
W0116,10:39:04.489624,458
W0116,10:39:10.212986,459
W0116,10:40:07.118402,460
W0116,10:40:12.868640,461
W0116,10:41:11.899220,462
W0116,10:41:17.649971,463
W0116,10:42:14.037653,464
W0116,10:42:19.817107,465
W0116,10:43:18.779453,466
W0116,10:43:24.526731,467
W0116,10:44:21.509936,468
W0116,10:44:27.288587,469
W0116,10:45:26.621870,470
W0116,10:45:32.429095,471
W0116,10:46:28.714751,472
W0116,10:46:34.494457,473
W0116,10:47:33.652351,474
W0116,10:47:39.429949,475
W0116,10:48:36.030576,476
W0116,10:48:41.775753,477
W0116,10:49:40.843416,478
W0116,10:49:46.648237,479
W0116,10:50:43.150418,480
W0116,10:50:48.991793,481
W0116,10:51:47.884131,482
W0116,10:51:53.698348,483
W0116,10:52:50.302387,484
W0116,10:52:56.110405,485
W0116,10:53:55.147199,486
W0116,10:54:00.956171,487
W0116,10:54:57.368628,488
W0116,10:55:03.175949,489
W0116,10:56:02.440368,490
W0116,10:56:08.275936,491
W0116,10:57:05.463439,492
W0116,10:57:11.240623,493
W0116,10:58:10.379271,494
W0116,10:58:16.189702,495
W0116,10:59:12.806615,496
W0116,10:59:18.617599,497
W0116,11:00:17.638628,498
W0116,11:00:23.482777,499
W0116,11:01:19.760721,500
W0116,11:01:25.596239,501
W0116,11:02:24.514869,502
W0116,11:02:30.355126,503
W0116,11:03:26.728590,504
W0116,11:03:32.511075,505
W0116,11:04:31.934662,506
W0116,11:04:37.738931,507
W0116,11:05:34.043490,508
W0116,11:05:39.881528,509
W0116,11:06:38.937793,510
W0116,11:06:44.776548,511
W0116,11:07:41.262370,512
W0116,11:07:47.101563,513
W0116,11:08:46.130851,514
W0116,11:08:51.966106,515
W0116,11:09:49.092831,516
W0116,11:09:54.931850,517
W0116,11:10:54.049796,518
W0116,11:10:59.887964,519
W0116,11:11:56.614107,520
W0116,11:12:02.480438,521
W0116,11:13:01.652993,522
W0116,11:13:07.488669,523
W0116,11:14:04.107054,524
W0116,11:14:09.975976,525
W0116,11:15:09.256280,526
W0116,11:15:15.124020,527
W0116,11:16:11.707211,528
W0116,11:16:17.582005,529
W0116,11:17:16.625010,530
W0116,11:17:22.492508,531
W0116,11:18:19.197911,532
W0116,11:18:25.071595,533
W0116,11:19:24.676234,534
W0116,11:19:30.544844,535
W0116,11:20:26.973613,536
W0116,11:20:32.817584,537
W0116,11:21:31.831382,538
W0116,11:21:37.697310,539
W0116,11:22:34.452934,540
W0116,11:22:40.348114,541
W0116,11:23:39.382413,542
W0116,11:23:45.249660,543
W0116,11:24:42.104436,544
W0116,11:24:48.029418,545
W0116,11:25:46.996048,546
W0116,11:25:52.834723,547
W0116,11:26:49.251392,548
W0116,11:26:55.118386,549
W0116,11:27:54.242115,550
W0116,11:28:00.200130,551
W0116,11:28:56.811499,552
W0116,11:29:02.707577,553
W0116,11:30:01.557447,554
W0116,11:30:07.488408,555
W0116,11:31:03.740561,556
W0116,11:31:09.665414,557
W0116,11:32:08.687299,558
W0116,11:32:14.588833,559
W0116,11:33:11.043085,560
W0116,11:33:16.944033,561
W0116,11:34:16.302752,562
W0116,11:34:22.233832,563
W0116,11:35:18.564819,564
W0116,11:35:24.464233,565
W0116,11:36:23.652611,566
W0116,11:36:29.548964,567
W0116,11:37:26.059966,568
W0116,11:37:31.991290,569
W0116,11:38:31.253298,570
W0116,11:38:37.150419,571
W0116,11:39:34.227360,572
W0116,11:39:40.155134,573
W0116,11:40:39.236097,574
W0116,11:40:45.194636,575
W0116,11:41:41.525583,576
W0116,11:41:47.457301,577
W0116,11:42:46.572202,578
W0116,11:42:52.530076,579
W0116,11:43:49.542054,580
W0116,11:43:55.498185,581
W0116,11:44:54.580017,582
W0116,11:45:00.511274,583
W0116,11:45:56.741551,584
W0116,11:46:02.705809,585
W0116,11:47:01.711428,586
W0116,11:47:07.608822,587
W0116,11:48:04.043157,588
W0116,11:48:10.008059,589
W0116,11:49:09.239960,590
W0116,11:49:15.232434,591
W0116,11:50:11.299690,592
W0116,11:50:17.226495,593
W0116,11:51:16.503767,594
W0116,11:51:22.462193,595
W0116,11:52:18.861755,596
W0116,11:52:24.817852,597
W0116,11:54:14.469280,598
W0116,11:54:20.490132,599
W0116,11:55:16.871965,600
W0116,11:55:22.836014,601
W0116,11:56:21.637392,602
W0116,11:56:27.624492,603
W0116,11:57:24.238786,604
W0116,11:57:30.227142,605
W0116,11:58:29.242554,606
W0116,11:58:35.201926,607
W0116,11:59:31.603520,608
W0116,11:59:37.566529,609
W0116,12:00:36.417775,610
W0116,12:00:42.314615,611
W0116,13:30:22.320526,612
W0116,13:30:27.831251,613
W0116,13:31:24.571907,614
W0116,13:31:30.140467,615
W0116,13:32:29.514828,616
W0116,13:32:35.081640,617
W0116,13:33:31.605932,618
W0116,13:33:37.179180,619
W0116,13:34:36.368114,620
W0116,13:34:41.962167,621
W0116,13:35:38.680500,622
W0116,13:35:44.280934,623
W0116,13:36:43.686669,624
W0116,13:36:49.347864,625
W0116,13:37:46.123961,626
W0116,13:37:51.721830,627
W0116,13:38:50.977258,628
W0116,13:38:56.606633,629
W0116,13:39:53.288267,630
W0116,13:39:58.943864,631
W0116,13:40:57.949807,632
W0116,13:41:03.641431,633
W0116,13:42:00.305758,634
W0116,13:42:05.935863,635
W0116,13:43:05.215572,636
W0116,13:43:10.841536,637
W0116,13:44:07.609012,638
W0116,13:44:13.270190,639
W0116,13:45:12.228689,640
W0116,13:45:17.918321,641
W0116,13:46:14.548069,642
W0116,13:46:20.204918,643
W0116,13:47:19.668092,644
W0116,13:47:25.328795,645
W0116,13:48:22.193456,646
W0116,13:48:27.880944,647
W0116,13:49:27.357177,648
W0116,13:49:33.049327,649
W0116,13:50:29.433553,650
W0116,13:50:35.121475,651
W0116,13:51:34.330264,652
W0116,13:51:40.075647,653
W0116,13:52:37.041551,654
W0116,13:52:42.757745,655
W0116,13:53:41.763533,656
W0116,13:53:47.484720,657
W0116,13:54:44.305336,658
W0116,13:54:50.019894,659
W0116,13:55:49.620065,660
W0116,13:55:55.340552,661
W0116,13:56:51.901049,662
W0116,13:56:57.655340,663
W0116,13:57:56.733891,664
W0116,13:58:02.485592,665
W0116,13:58:59.368041,666
W0116,13:59:05.119844,667
W0116,14:00:04.354065,668
W0116,14:00:10.102953,669
W0116,14:01:06.681830,670
W0116,14:01:12.406754,671
W0116,14:02:11.566985,672
W0116,14:02:17.317514,673
W0116,14:03:13.888096,674
W0116,14:03:19.695808,675
W0116,14:04:18.931574,676
W0116,14:04:24.707031,677
W0116,14:05:21.172274,678
W0116,14:05:26.922675,679
W0116,14:06:26.299520,680
W0116,14:06:32.082234,681
W0116,14:07:28.608076,682
W0116,14:07:34.357257,683
W0116,14:08:33.329738,684
W0116,14:08:39.114029,685
W0116,14:09:35.856765,686
W0116,14:09:41.671192,687
W0116,14:10:40.858563,688
W0116,14:10:46.672895,689
W0116,14:11:43.249653,690
W0116,14:11:49.060962,691
W0116,14:12:48.346408,692
W0116,14:12:54.125910,693
W0116,14:13:50.893931,694
W0116,14:13:56.671013,695
W0116,14:14:55.487648,696
W0116,14:15:01.295441,697
W0116,14:15:57.853258,698
W0116,14:16:03.664625,699
W0116,14:17:02.957098,700
W0116,14:17:08.767659,701
W0116,14:18:05.485056,702
W0116,14:18:11.295507,703
W0116,14:19:10.635413,704
W0116,14:19:16.472911,705
W0116,14:20:13.019071,706
W0116,14:20:18.854035,707
W0116,14:21:18.472903,708
W0116,14:21:24.313361,709
W0116,14:22:20.819080,710
W0116,14:22:26.631613,711
W0116,14:23:25.895542,712
W0116,14:23:31.738023,713
W0116,14:24:28.592104,714
W0116,14:24:34.463521,715
W0116,14:25:33.510779,716
W0116,14:25:39.385365,717
W0116,14:26:35.754734,718
W0116,14:26:41.629323,719
W0116,14:27:41.075081,720
W0116,14:27:46.911113,721
W0116,14:28:43.495443,722
W0116,14:28:49.332188,723
W0116,14:29:48.944350,724
W0116,14:29:54.846994,725
W0116,14:30:51.535778,726
W0116,14:30:57.401777,727
W0116,14:31:56.525499,728
W0116,14:32:02.428841,729
W0116,14:32:58.943815,730
W0116,14:33:04.784950,731
W0116,14:34:03.981530,732
W0116,14:34:09.878499,733
W0116,14:35:06.487969,734
W0116,14:35:12.355141,735
W0116,14:36:11.756510,736
W0116,14:36:17.651903,737
W0116,14:37:14.283633,738
W0116,14:37:20.214850,739
W0116,14:38:19.128504,740
W0116,14:38:25.026499,741
W0116,14:39:21.641002,742
W0116,14:39:27.544548,743
W0116,14:40:26.660775,744
W0116,14:40:32.558180,745
W0116,14:41:29.821575,746
W0116,14:41:35.774106,747
W0116,14:42:34.997129,748
W0116,14:42:40.835964,749
W0116,14:43:37.628185,750
W0116,14:43:43.494573,751
W0116,14:44:42.765283,752
W0116,14:44:48.640540,753
W0116,14:45:45.609787,754
W0116,14:45:51.535686,755
W0116,14:46:50.570022,756
W0116,14:46:56.500571,757
W0116,14:47:53.238104,758
W0116,14:47:59.172596,759
W0116,14:48:58.217206,760
W0116,14:49:04.176724,761
W0116,14:50:00.889593,762
W0116,14:50:06.847862,763
W0116,14:51:05.801215,764
W0116,14:51:11.699375,765
W0116,14:52:08.068182,766
W0116,14:52:13.996802,767
W0116,14:53:13.431540,768
W0116,14:53:19.357851,769
W0116,14:54:16.009447,770
W0116,14:54:21.944113,771
W0116,14:55:21.039811,772
W0116,14:55:26.939119,773
W0116,14:56:57.535706,774
W0116,14:57:03.521559,775
W0116,14:58:00.421537,776
W0116,14:58:06.381745,777
W0116,14:59:05.665815,778
W0116,14:59:11.597394,779
W0116,15:00:07.945816,780
W0116,15:00:13.907552,781
W0116,15:01:12.946465,782
W0116,15:01:18.910002,783
W0116,15:02:15.360783,784
W0116,15:02:21.293572,785
W0116,15:03:20.695161,786
W0116,15:03:26.653115,787
W0116,15:04:23.292857,788
W0116,15:04:29.224210,789
W0116,15:05:28.658597,790
W0116,15:05:34.653597,791
W0116,15:06:31.510140,792
W0116,15:06:37.439530,793
W0116,15:07:36.525048,794
W0116,15:07:42.451859,795
W0116,15:08:39.305887,796
W0116,15:08:45.234210,797
W0116,15:09:44.296772,798
W0116,15:09:50.257411,799
W0116,15:10:46.969719,800
W0116,15:10:52.896081,801
W0116,15:11:51.791841,802
W0116,15:11:57.808391,803
W0116,15:12:54.319507,804
W0116,15:13:00.336090,805
W0116,15:13:59.276465,806
W0116,15:14:05.239285,807
W0116,15:15:02.077327,808
W0116,15:15:08.070102,809
W0116,15:16:07.788162,810
W0116,15:22:20.128310,811
W0116,15:22:25.908774,812
W0116,15:24:59.805778,813
W0116,15:25:05.761581,814
W0116,15:26:02.226083,815
W0116,15:26:08.127312,816
W0116,15:27:07.403263,817
W0116,15:27:13.276647,818
W0116,15:28:09.867157,819
W0116,15:28:15.796964,820
W0116,15:29:15.207038,821
W0116,15:29:21.109164,822
W0116,15:30:17.569986,823
W0116,15:30:23.466782,824
W0116,15:31:22.612651,825
W0116,15:31:28.544492,826
W0116,15:32:25.355159,827
W0116,15:32:31.313573,828
W0116,15:33:30.338953,829
W0116,15:33:36.263681,830
W0116,15:34:32.653962,831
W0116,15:34:38.617082,832
W0116,15:35:37.710171,833
W0116,15:35:43.643613,834
W0116,15:36:40.247680,835
W0116,15:36:46.179639,836
W0116,15:37:45.149166,837
W0116,15:37:51.075552,838
W0116,15:38:47.673154,839
W0116,15:38:53.628882,840
W0116,15:39:53.355163,841
W0116,15:39:59.341593,842
W0116,15:40:55.961266,843
W0116,15:41:01.985440,844
W0116,15:42:01.166795,845
W0116,15:42:07.123541,846
W0116,15:43:03.888615,847
W0116,15:43:09.883538,848
W0116,15:44:09.376109,849
W0116,15:44:15.370932,850
W0116,15:45:11.937131,851
W0116,15:45:17.900147,852
W0116,15:46:17.056066,853
W0116,15:46:23.015645,854
W0116,15:47:19.417762,855
W0116,15:47:25.379379,856
W0116,15:48:24.638624,857
W0116,15:48:30.600046,858
W0116,15:49:27.249858,859
W0116,15:49:33.241375,860
W0116,15:50:32.360110,861
W0116,15:50:38.405687,862
W0116,15:51:34.951107,863
W0116,15:51:40.939428,864
W0116,15:52:39.879313,865
W0116,15:55:45.039678,866
W0116,15:55:50.849395,867
W0116,15:56:47.542966,868
W0116,15:56:53.508380,869
W0116,15:57:52.361624,870
W0116,15:57:58.326826,871
W0116,15:58:54.876174,872
W0116,15:59:00.809351,873
W0116,15:59:59.690845,874
W0116,16:00:05.684904,875
W0116,16:01:02.075338,876
W0116,16:01:08.035845,877
W0116,16:02:07.184465,878
W0116,16:02:13.170436,879
W0116,16:03:10.161787,880
W0116,16:03:16.120443,881
W0116,16:04:14.897178,882
W0116,16:04:20.855449,883
W0116,16:05:17.219034,884
W0116,16:05:23.214576,885
W0116,16:06:22.176862,886
W0116,16:06:28.108775,887
W0116,16:07:24.856062,888
W0116,16:07:30.885090,889
W0116,16:08:29.954342,890
W0116,16:08:35.944403,891
W0116,16:09:32.186205,892
W0116,16:09:38.149840,893
W0116,16:10:37.030678,894
W0116,16:10:42.994009,895
W0116,16:11:39.865617,896
W0116,16:11:45.854240,897
W0116,16:12:45.101287,898
W0116,16:12:51.065343,899
W0116,16:13:47.639237,900
W0116,16:13:53.626279,901
W0116,16:14:52.894467,902
W0116,16:14:58.852066,903
W0116,16:15:55.178340,904
W0116,16:17:51.149432,905
W0116,16:17:56.927414,906
W0116,16:18:53.285732,907
W0116,16:18:59.275475,908
W0116,16:19:58.411664,909
W0116,16:20:04.397467,910
W0116,16:21:01.265928,911
W0116,16:21:07.226591,912
W0116,16:22:06.265792,913
W0116,16:22:12.195731,914
W0116,16:23:28.369088,915
W0116,16:23:34.387189,916
W0116,16:24:30.911739,917
W0116,16:24:36.898228,918
W0116,16:25:35.971482,919
W0116,16:25:41.958299,920
W0116,16:26:38.958222,921
W0116,16:26:44.974314,922
W0116,16:27:44.015924,923
W0116,16:27:50.065675,924
W0116,16:28:47.066344,925
W0116,16:28:53.114442,926
W0116,16:29:52.157019,927
W0116,16:29:58.189375,928
W0116,16:30:54.650617,929
W0116,16:31:00.671808,930
W0116,16:32:00.159617,931
W0116,16:32:06.241178,932
W0116,16:33:02.945781,933
W0116,16:33:08.934412,934
W0116,16:34:07.887714,935
W0116,16:34:13.938838,936
W0116,16:35:10.436123,937
W0116,16:35:16.432677,938
W0116,16:36:15.405995,939
W0116,16:36:21.429620,940
W0116,16:37:18.082305,941
W0116,16:37:24.071877,942
W0116,16:38:23.276985,943
W0116,16:38:29.266146,944
W0116,16:39:25.914402,945
W0116,16:39:31.876562,946
W0116,16:40:30.853415,947
W0116,16:40:36.876076,948
W0116,16:41:33.454293,949
W0116,16:41:39.469574,950
W0116,16:42:38.640352,951
W0116,16:42:44.627547,952
W0116,16:43:50.934969,953
W0116,16:43:56.955010,954
W0116,16:44:53.286237,955
W0116,16:44:59.275173,956
W0116,16:45:58.567219,957
W0116,16:46:04.681950,958
W0116,16:47:01.135941,959
W0116,16:47:07.153604,960
W0116,16:48:06.193293,961
W0116,16:48:12.244158,962
W0116,16:49:09.030640,963
W0116,16:49:15.049659,964
W0116,16:50:14.245126,965
W0116,16:50:20.269567,966
W0116,16:51:16.452867,967
W0116,16:51:22.472239,968
W0116,16:52:21.474166,969
W0116,16:52:27.520432,970
W0116,16:53:24.401850,971
W0116,16:53:30.427868,972
W0116,16:54:29.656975,973
W0116,16:54:35.707173,974
W0117,08:40:08.766273,975
W0117,08:40:14.089987,976
W0117,08:41:33.101758,977
W0117,08:41:38.430691,978
W0117,08:42:47.179702,979
W0117,08:42:52.565786,980
W0117,08:43:50.381414,981
W0117,08:43:55.945341,982
W0117,08:44:55.878988,983
W0117,08:45:01.506014,984
W0117,08:45:59.342496,985
W0117,08:46:04.703382,986
W0117,08:47:04.287701,987
W0117,08:47:09.618568,988
W0117,08:48:06.651876,989
W0117,08:48:12.038483,990
W0117,08:49:11.895248,991
W0117,08:49:17.526149,992
W0117,08:50:14.705170,993
W0117,08:50:20.065763,994
W0117,08:51:20.005087,995
W0117,08:51:25.695024,996
W0117,08:52:23.439249,997
W0117,08:52:29.040016,998
W0117,08:53:28.697952,999
W0117,08:53:34.023736,1000
W0117,08:54:30.907657,1001
W0117,08:54:36.324972,1002
W0117,08:55:36.450248,1003
W0117,08:55:42.062805,1004
W0117,08:56:39.066704,1005
W0117,08:56:44.427184,1006
W0117,08:57:43.797827,1007
W0117,08:57:49.157092,1008
W0117,08:58:46.073908,1009
W0117,08:58:51.464555,1010
W0117,08:59:51.165482,1011
W0117,08:59:56.558331,1012
W0117,09:00:53.399812,1013
W0117,09:00:58.823822,1014
W0117,09:01:58.103796,1015
W0117,09:02:03.496307,1016
W0117,09:03:00.322734,1017
W0117,09:03:05.980016,1018
W0117,09:04:05.566836,1019
W0117,09:04:11.046630,1020
W0117,09:05:07.932385,1021
W0117,09:05:13.420223,1022
W0117,09:06:12.463656,1023
W0117,09:06:17.883010,1024
W0117,09:07:14.550563,1025
W0117,09:07:19.999508,1026
W0117,09:08:19.423120,1027
W0117,09:08:24.868973,1028
W0117,09:09:21.471822,1029
W0117,09:09:26.934827,1030
W0117,09:10:26.794566,1031
W0117,09:10:32.301693,1032
W0117,09:11:28.989203,1033
W0117,09:11:34.514377,1034
W0117,09:12:33.720149,1035
W0117,09:12:39.225881,1036
W0117,09:13:35.928407,1037
W0117,09:13:41.647015,1038
W0117,09:14:41.146411,1039
W0117,09:14:46.622644,1040
W0117,09:15:43.406041,1041
W0117,09:15:48.882587,1042
W0117,09:16:48.385229,1043
W0117,09:16:53.889961,1044
W0117,09:17:50.831337,1045
W0117,09:17:56.281736,1046
W0117,09:18:55.646585,1047
W0117,09:19:01.128587,1048
W0117,09:19:58.380273,1049
W0117,09:20:03.914300,1050
W0117,09:21:03.213402,1051
W0117,09:21:08.721941,1052
W0117,09:22:05.283949,1053
W0117,09:22:10.824975,1054
W0117,09:23:10.312626,1055
W0117,09:23:15.849969,1056
W0117,09:24:12.542523,1057
W0117,09:24:18.086460,1058
W0117,09:25:17.311872,1059
W0117,09:25:22.876552,1060
W0117,09:26:19.563961,1061
W0117,09:26:25.129669,1062
W0117,09:27:24.252640,1063
W0117,09:27:29.818256,1064
W0117,09:28:26.608701,1065
W0117,09:28:32.152105,1066
W0117,09:29:31.578510,1067
W0117,09:29:37.146711,1068
W0117,09:30:33.660199,1069
W0117,09:30:39.231287,1070
W0117,09:31:38.522076,1071
W0117,09:31:44.063699,1072
W0117,09:32:40.798678,1073
W0117,09:32:46.370294,1074
W0117,09:33:45.590632,1075
W0117,09:33:51.216110,1076
W0117,09:34:47.949205,1077
W0117,09:34:53.516547,1078
W0117,09:35:52.593820,1079
W0117,09:35:58.224769,1080
W0117,09:36:54.814996,1081
W0117,09:37:00.413156,1082
W0117,09:37:59.763717,1083
W0117,09:38:05.366546,1084
W0117,09:39:02.241344,1085
W0117,09:39:07.903427,1086
W0117,09:40:06.595491,1087
W0117,09:40:12.197101,1088
W0117,09:41:08.838645,1089
W0117,09:41:14.465967,1090
W0117,09:42:13.749468,1091
W0117,09:42:19.348152,1092
W0117,09:43:16.268733,1093
W0117,09:43:21.899026,1094
W0117,09:44:21.374691,1095
W0117,09:44:27.031106,1096
W0117,09:45:23.616760,1097
W0117,09:45:29.249738,1098
W0117,09:46:28.224400,1099
W0117,09:46:33.857836,1100
W0117,09:47:30.169128,1101
W0117,09:47:35.832656,1102
W0117,09:48:35.089033,1103
W0117,09:48:40.746433,1104
W0117,09:49:37.481958,1105
W0117,09:49:43.172062,1106
W0117,09:50:42.333738,1107
W0117,09:50:47.997781,1108
W0117,09:51:44.791042,1109
W0117,09:51:50.421227,1110
W0117,09:52:49.722441,1111
W0117,09:52:55.379505,1112
W0117,09:53:51.899646,1113
W0117,09:53:57.590232,1114
W0117,09:54:56.733419,1115
W0117,09:55:02.427165,1116
W0117,09:55:59.056651,1117
W0117,09:56:04.749418,1118
W0117,09:57:04.003867,1119
W0117,09:57:09.695204,1120
W0117,09:58:06.376585,1121
W0117,09:58:12.062180,1122
W0117,09:59:11.399106,1123
W0117,09:59:17.085332,1124
W0117,10:00:13.399581,1125
W0117,10:00:19.097296,1126
W0117,10:01:18.405975,1127
W0117,10:01:24.128374,1128
W0117,10:02:20.595392,1129
W0117,10:02:26.280571,1130
W0117,10:03:25.618088,1131
W0117,10:03:31.335016,1132
W0117,10:04:28.293576,1133
W0117,10:04:34.025494,1134
W0117,10:05:33.056442,1135
W0117,10:05:38.832813,1136
W0117,10:06:35.423848,1137
W0117,10:06:41.200829,1138
W0117,10:07:40.456355,1139
W0117,10:07:46.201843,1140
W0117,10:08:43.013365,1141
W0117,10:08:48.845147,1142
W0117,10:09:47.736184,1143
W0117,10:09:53.457190,1144
W0117,10:10:50.230767,1145
W0117,10:10:55.986457,1146
W0117,10:11:55.276728,1147
W0117,10:12:01.021914,1148
W0117,10:12:57.727506,1149
W0117,10:13:03.503893,1150
W0117,10:14:02.996639,1151
W0117,10:14:08.711944,1152
W0117,10:15:05.216989,1153
W0117,10:15:10.967677,1154
W0117,10:16:09.935845,1155
W0117,10:16:15.686065,1156
W0117,10:17:12.067384,1157
W0117,10:17:17.785187,1158
W0117,10:18:17.256059,1159
W0117,10:18:23.038489,1160
W0117,10:19:19.622046,1161
W0117,10:19:25.401549,1162
W0117,10:20:24.493161,1163
W0117,10:20:30.268970,1164
W0117,10:21:27.052397,1165
W0117,10:21:32.833546,1166
W0117,10:22:31.990005,1167
W0117,10:22:37.765154,1168
W0117,10:23:34.439517,1169
W0117,10:23:40.218567,1170
W0117,10:24:39.064802,1171
W0117,10:24:44.818042,1172
W0117,10:25:41.455318,1173
W0117,10:25:47.262203,1174
W0117,10:30:57.765297,1175
W0117,10:31:03.489105,1176
W0117,10:32:00.010015,1177
W0117,10:32:05.790203,1178
W0117,10:33:05.074054,1179
W0117,10:33:10.849370,1180
W0117,10:34:07.453894,1181
W0117,10:34:13.236162,1182
W0117,10:35:12.350342,1183
W0117,10:35:18.128998,1184
W0117,10:36:14.860143,1185
W0117,10:36:20.673280,1186
W0117,10:37:20.034754,1187
W0117,10:37:25.813267,1188
W0117,10:38:22.775337,1189
W0117,10:38:28.583712,1190
W0117,10:39:27.854741,1191
W0117,10:39:33.664716,1192
W0117,10:40:30.037078,1193
W0117,10:40:35.818413,1194
W0117,10:41:34.893188,1195
W0117,10:41:40.668097,1196
W0117,10:42:37.285494,1197
W0117,10:42:43.094045,1198
W0117,10:43:42.447995,1199
W0117,10:43:48.270268,1200
W0117,10:44:44.696960,1201
W0117,10:44:50.509846,1202
W0117,10:45:49.990088,1203
W0117,10:45:55.859926,1204
W0117,10:46:52.654237,1205
W0117,10:46:58.438026,1206
W0117,10:47:57.627344,1207
W0117,10:48:03.466722,1208
W0117,10:49:00.197929,1209
W0117,10:49:06.037358,1210
W0117,10:50:05.355866,1211
W0117,10:50:11.199575,1212
W0117,10:51:07.692627,1213
W0117,10:51:13.506505,1214
W0117,10:52:12.649441,1215
W0117,10:52:18.504921,1216
W0117,10:53:15.573320,1217
W0117,10:53:21.409394,1218
W0117,10:54:20.506536,1219
W0117,10:54:26.407500,1220
W0117,10:55:22.789566,1221
W0117,10:55:28.627796,1222
W0117,10:56:27.658890,1223
W0117,10:56:33.526595,1224
W0117,10:57:30.058063,1225
W0117,10:57:35.894289,1226
W0117,10:58:35.027055,1227
W0117,10:58:40.893389,1228
W0117,10:59:37.432411,1229
W0117,10:59:43.304028,1230
W0117,11:00:42.440711,1231
W0117,11:00:48.344543,1232
W0117,11:01:44.864154,1233
W0117,11:01:50.767086,1234
W0117,11:02:49.816321,1235
W0117,11:02:55.685314,1236
W0117,11:03:52.057437,1237
W0117,11:03:57.923141,1238
W0117,11:04:56.887722,1239
W0117,11:05:02.757328,1240
W0117,11:05:59.356106,1241
W0117,11:06:05.230551,1242
W0117,11:07:04.340678,1243
W0117,11:07:10.241202,1244
W0117,11:08:07.175101,1245
W0117,11:08:13.048017,1246
W0117,11:09:11.782605,1247
W0117,11:09:17.677620,1248
W0117,11:10:14.064954,1249
W0117,11:10:19.962848,1250
W0117,11:11:19.101336,1251
W0117,11:11:24.969132,1252
W0117,11:12:21.600456,1253
W0117,11:12:27.499558,1254
W0117,11:13:26.934469,1255
W0117,11:13:32.802245,1256
W0117,11:14:29.230379,1257
W0117,11:14:35.097883,1258
W0117,11:15:34.170118,1259
W0117,11:15:40.037088,1260
W0117,11:16:36.775341,1261
W0117,11:16:42.739765,1262
W0117,11:17:41.879240,1263
W0117,11:17:47.851325,1264
W0117,11:18:44.484666,1265
W0117,11:18:50.389076,1266
W0117,11:19:49.427541,1267
W0117,11:19:55.300314,1268
W0117,11:20:51.885393,1269
W0117,11:20:57.813464,1270
W0117,11:21:57.312433,1271
W0117,11:22:03.306893,1272
W0117,11:23:00.297299,1273
W0117,11:23:06.194476,1274
W0117,11:24:05.080379,1275
W0117,11:24:10.983538,1276
W0117,11:25:07.343813,1277
W0117,11:25:13.275774,1278
W0117,11:26:12.550678,1279
W0117,11:26:18.477267,1280
W0117,11:27:15.025257,1281
W0117,11:27:20.959816,1282
W0117,11:28:20.212682,1283
W0117,11:28:26.113849,1284
W0117,11:29:22.600559,1285
W0117,11:29:28.535013,1286
W0117,11:30:27.612486,1287
W0117,11:30:33.575793,1288
W0117,11:31:30.052659,1289
W0117,11:31:36.009636,1290
W0117,11:32:35.091406,1291
W0117,11:32:41.049827,1292
W0117,11:33:37.875245,1293
W0117,11:33:43.807181,1294
W0117,11:34:42.696871,1295
W0117,11:34:48.628489,1296
W0117,11:35:45.047360,1297
W0117,11:35:50.981437,1298
W0117,11:36:50.197927,1299
W0117,11:36:56.131283,1300
W0117,11:37:52.617928,1301
W0117,11:37:58.545286,1302
W0117,11:38:57.434460,1303
W0117,11:39:03.366801,1304
W0117,11:39:59.665303,1305
W0117,11:40:05.629252,1306
W0117,11:41:04.853078,1307
W0117,11:41:10.809027,1308
W0117,11:42:07.347074,1309
W0117,11:42:13.308055,1310
W0117,11:43:12.703301,1311
W0117,11:43:18.692111,1312
W0117,11:44:15.045598,1313
W0117,11:44:21.038642,1314
W0117,11:45:19.972571,1315
W0117,11:45:25.903784,1316
W0117,11:46:22.254837,1317
W0117,11:46:28.274078,1318
W0117,11:47:27.376837,1319
W0117,11:47:33.394822,1320
W0117,11:48:30.201342,1321
W0117,11:48:36.166093,1322
W0117,11:49:35.248605,1323
W0117,11:49:41.273988,1324
W0117,11:50:37.913698,1325
W0117,11:50:43.933904,1326
W0117,11:51:42.938602,1327
W0117,11:51:48.899842,1328
W0117,11:52:45.727687,1329
W0117,11:52:51.715775,1330
W0117,11:53:50.401477,1331
W0117,11:53:56.365748,1332
W0117,11:55:42.064481,1333
W0117,11:55:48.054636,1334
W0117,11:56:44.678648,1335
W0117,11:56:50.672070,1336
W0117,11:57:50.143982,1337
W0117,11:57:56.099711,1338
W0117,11:58:52.214746,1339
W0117,11:58:58.205188,1340
W0117,11:59:57.212944,1341
W0117,12:00:03.201776,1342
W0117,13:23:42.599617,1343
W0117,13:23:47.900573,1344
W0117,13:24:44.358637,1345
W0117,13:24:49.958070,1346
W0117,13:25:49.536118,1347
W0117,13:25:55.139004,1348
W0117,13:26:52.189607,1349
W0117,13:26:57.789880,1350
W0117,13:27:57.163012,1351
W0117,13:28:02.792851,1352
W0117,13:28:59.449699,1353
W0117,13:29:05.076200,1354
W0117,13:30:04.531828,1355
W0117,13:30:10.247171,1356
W0117,13:31:07.530999,1357
W0117,13:31:13.162220,1358
W0117,13:32:12.599442,1359
W0117,13:32:18.231586,1360
W0117,13:33:14.617484,1361
W0117,13:33:20.301767,1362
W0117,13:34:19.483476,1363
W0117,13:34:25.173669,1364
W0117,13:35:21.814472,1365
W0117,13:35:27.502193,1366
W0117,13:36:26.911223,1367
W0117,13:36:32.601068,1368
W0117,13:37:29.402024,1369
W0117,13:37:35.090102,1370
W0117,13:38:34.322885,1371
W0117,13:38:40.014753,1372
W0117,13:39:36.612064,1373
W0117,13:39:42.358503,1374
W0117,13:40:41.546252,1375
W0117,13:40:47.232064,1376
W0117,13:41:44.248831,1377
W0117,13:41:49.965945,1378
W0117,13:42:49.141543,1379
W0117,13:42:54.826597,1380
W0117,13:43:51.411875,1381
W0117,13:43:57.128259,1382
W0117,13:44:56.372208,1383
W0117,13:45:02.058377,1384
W0117,13:45:58.614665,1385
W0117,13:46:04.359905,1386
W0117,13:47:04.219928,1387
W0117,13:47:09.968554,1388
W0117,13:48:06.418624,1389
W0117,13:48:12.133855,1390
W0117,13:49:11.468361,1391
W0117,13:49:17.184808,1392
W0117,13:50:13.866626,1393
W0117,13:50:19.586267,1394
W0117,13:51:18.636109,1395
W0117,13:51:24.386452,1396
W0117,13:52:20.976850,1397
W0117,13:52:26.696854,1398
W0117,13:53:25.668397,1399
W0117,13:53:31.384402,1400
W0117,13:54:27.930158,1401
W0117,13:54:33.678282,1402
W0117,13:55:33.078898,1403
W0117,13:55:38.862638,1404
W0117,13:56:35.525933,1405
W0117,13:56:41.308928,1406
W0117,13:57:40.578189,1407
W0117,13:57:46.356350,1408
W0117,13:58:42.880590,1409
W0117,13:58:48.693765,1410
W0117,13:59:47.795447,1411
W0117,13:59:53.600951,1412
W0117,14:00:50.203274,1413
W0117,14:00:55.953510,1414
W0117,14:01:55.426968,1415
W0117,14:02:01.239377,1416
W0117,14:02:57.958242,1417
W0117,14:03:03.797212,1418
W0117,14:04:03.013471,1419
W0117,14:04:08.827119,1420
W0117,14:05:05.615080,1421
W0117,14:05:11.428748,1422
W0117,14:06:10.544262,1423
W0117,14:06:16.384703,1424
W0117,14:07:13.216252,1425
W0117,14:07:19.029356,1426
W0117,14:08:18.315958,1427
W0117,14:08:24.096736,1428
W0117,14:09:20.783885,1429
W0117,14:09:26.623667,1430
W0117,14:10:25.939989,1431
W0117,14:10:31.720599,1432
W0117,14:11:28.875232,1433
W0117,14:11:34.742430,1434
W0117,14:12:34.060638,1435
W0117,14:12:39.901268,1436
W0117,14:13:36.347863,1437
W0117,14:13:42.187354,1438
W0117,14:14:41.547974,1439
W0117,14:14:47.389201,1440
W0117,14:15:44.047189,1441
W0117,14:15:49.914598,1442
W0117,14:16:49.385746,1443
W0117,14:16:55.255304,1444
W0117,14:17:52.083803,1445
W0117,14:17:57.956188,1446
W0117,14:18:57.040740,1447
W0117,14:19:02.852418,1448
W0117,14:19:59.328958,1449
W0117,14:20:05.197846,1450
W0117,14:33:16.419323,1451
W0117,14:33:22.288349,1452
W0117,14:34:19.134891,1453
W0117,14:34:24.880139,1454
W0117,14:35:24.069670,1455
W0117,14:35:29.815420,1456
W0117,14:36:26.668057,1457
W0117,14:36:32.419865,1458
W0117,14:37:31.633675,1459
W0117,14:37:37.388682,1460
W0117,14:38:33.949934,1461
W0117,14:38:39.759894,1462
W0117,14:39:39.552134,1463
W0117,14:39:45.330282,1464
W0117,14:40:42.059428,1465
W0117,14:40:47.869125,1466
W0117,14:41:47.158236,1467
W0117,14:41:52.963163,1468
W0117,14:42:49.541989,1469
W0117,14:42:55.349759,1470
W0117,14:43:54.606748,1471
W0117,14:44:00.412050,1472
W0117,14:44:56.984127,1473
W0117,14:45:02.855382,1474
W0117,14:46:02.275272,1475
W0117,14:46:08.085855,1476
W0117,14:47:04.924081,1477
W0117,14:47:10.794070,1478
W0117,14:48:10.012446,1479
W0117,14:48:15.847440,1480
W0117,14:49:12.489234,1481
W0117,14:49:18.326241,1482
W0117,14:50:17.466701,1483
W0117,14:50:23.308866,1484
W0117,14:51:20.278326,1485
W0117,14:51:26.175846,1486
W0117,14:52:25.583878,1487
W0117,14:52:31.458595,1488
W0117,14:53:27.971292,1489
W0117,14:53:33.867825,1490
W0117,14:54:32.955755,1491
W0117,14:54:38.823945,1492
W0117,14:55:35.384649,1493
W0117,14:55:41.227245,1494
W0117,14:56:40.619274,1495
W0117,14:56:46.487267,1496
W0117,14:57:42.783458,1497
W0117,14:57:48.656169,1498
W0117,14:58:47.721904,1499
W0117,14:58:53.660883,1500
W0117,14:59:50.372900,1501
W0117,14:59:56.299279,1502
W0117,15:00:55.875589,1503
W0117,15:01:01.744382,1504
W0117,15:01:58.425716,1505
W0117,15:02:04.326932,1506
W0117,15:03:03.263557,1507
W0117,15:03:09.181272,1508
W0117,15:04:05.899127,1509
W0117,15:04:11.797286,1510
W0117,15:05:11.073545,1511
W0117,15:05:16.974411,1512
W0117,15:06:13.867064,1513
W0117,15:06:19.796486,1514
W0117,15:07:18.646858,1515
W0117,15:07:24.612315,1516
W0117,15:08:21.182714,1517
W0117,15:08:27.081648,1518
W0117,15:09:26.270793,1519
W0117,15:09:32.178804,1520
W0117,15:10:28.660377,1521
W0117,15:10:34.564515,1522
W0117,15:11:33.733153,1523
W0117,15:11:39.690413,1524
W0117,15:12:36.042299,1525
W0117,15:12:41.945981,1526
W0117,15:13:41.024646,1527
W0117,15:13:46.989418,1528
W0117,15:14:43.606140,1529
W0117,15:14:49.562608,1530
W0117,15:15:48.844058,1531
W0117,15:15:54.742365,1532
W0117,15:16:51.512147,1533
W0117,15:16:57.536621,1534
W0117,15:17:56.539394,1535
W0117,15:18:02.473526,1536
W0117,15:18:59.154295,1537
W0117,15:19:05.089277,1538
W0117,15:20:04.216768,1539
W0117,15:20:10.179652,1540
W0117,15:24:39.692378,1541
W0117,15:24:45.626962,1542
W0117,15:25:42.160365,1543
W0117,15:25:48.062265,1544
W0117,15:26:47.663362,1545
W0117,15:26:53.597020,1546
W0117,15:27:50.239552,1547
W0117,15:27:56.173497,1548
W0117,15:28:55.274664,1549
W0117,15:29:01.200414,1550
W0117,15:29:58.062729,1551
W0117,15:30:03.993384,1552
W0117,15:31:03.313616,1553
W0117,15:31:09.272557,1554
W0117,15:32:05.997728,1555
W0117,15:32:11.927310,1556
W0117,15:33:10.669672,1557
W0117,15:33:16.600683,1558
W0117,15:34:13.176033,1559
W0117,15:34:19.085882,1560
W0117,15:35:18.264698,1561
W0117,15:35:24.190079,1562
W0117,15:36:20.914769,1563
W0117,15:36:26.908237,1564
W0117,15:41:36.880007,1565
W0117,15:41:42.871598,1566
W0117,15:42:39.367198,1567
W0117,15:42:45.271102,1568
W0117,15:43:44.536492,1569
W0117,15:43:50.437981,1570
W0117,15:44:46.957170,1571
W0117,15:44:52.824755,1572
W0117,15:45:51.935614,1573
W0117,15:45:57.833259,1574
W0117,15:46:54.755486,1575
W0117,15:47:00.660650,1576
W0117,15:47:59.735431,1577
W0117,15:48:05.668936,1578
W0117,15:49:02.143138,1579
W0117,15:49:08.106370,1580
W0117,15:50:07.177579,1581
W0117,15:50:13.142813,1582
W0117,15:51:09.610687,1583
W0117,15:51:15.545691,1584
W0117,15:52:14.905342,1585
W0117,15:52:20.860762,1586
W0117,15:53:17.372382,1587
W0117,15:53:23.364998,1588
W0117,15:54:22.428864,1589
W0117,15:54:28.392148,1590
W0117,15:55:25.047338,1591
W0117,15:55:31.036309,1592
W0117,15:56:30.144246,1593
W0117,15:56:36.101008,1594
W0117,15:57:32.713479,1595
W0117,15:57:38.700083,1596
W0117,15:58:37.968374,1597
W0117,15:58:43.932376,1598
W0117,15:59:40.610344,1599
W0117,15:59:46.571472,1600
W0117,16:00:45.646975,1601
W0117,16:00:51.641369,1602
W0117,16:01:48.199288,1603
W0117,16:01:54.128240,1604
W0117,16:02:53.277889,1605
W0117,16:02:59.270056,1606
W0117,16:03:55.687134,1607
W0117,16:04:01.617733,1608
W0117,16:05:00.958848,1609
W0117,16:05:06.919508,1610
W0117,16:06:03.467651,1611
W0117,16:06:09.423944,1612
W0117,16:07:08.860160,1613
W0117,16:07:14.825152,1614
W0117,16:08:11.211081,1615
W0117,16:08:17.203383,1616
W0117,16:09:16.569020,1617
W0117,16:09:22.524241,1618
W0117,16:10:19.602200,1619
W0117,16:10:25.590906,1620
W0117,16:11:24.650209,1621
W0117,16:11:30.607388,1622
W0117,16:12:26.922576,1623
W0117,16:12:32.916216,1624
W0117,16:13:31.873621,1625
W0117,16:13:37.832111,1626
W0117,16:14:34.286393,1627
W0117,16:14:40.306857,1628
W0117,16:15:39.371119,1629
W0117,16:15:45.362450,1630
W0117,16:16:41.988782,1631
W0117,16:16:47.976624,1632
W0117,16:17:46.955935,1633
W0117,16:17:53.006649,1634
W0117,16:18:49.364976,1635
W0117,16:18:55.386229,1636
W0117,16:19:54.271332,1637
W0117,16:20:00.234135,1638
W0117,16:20:56.931109,1639
W0117,16:21:02.945361,1640
W0117,16:22:02.309305,1641
W0117,16:22:08.269286,1642
W0117,16:23:04.729657,1643
W0117,16:23:10.687482,1644
W0117,16:24:10.313468,1645
W0117,16:24:16.335580,1646
W0117,16:25:12.996441,1647
W0117,16:25:19.016804,1648
W0117,16:26:18.589514,1649
W0117,16:26:24.639283,1650
W0117,16:27:21.841907,1651
W0117,16:27:27.859777,1652
W0117,16:28:26.861871,1653
W0117,16:28:32.946586,1654
W0117,16:29:29.472196,1655
W0117,16:29:35.525039,1656
W0117,16:30:34.984936,1657
W0117,16:30:41.034653,1658
W0117,16:31:54.227260,1659
W0117,16:32:00.309139,1660
W0117,16:32:56.609367,1661
W0117,16:33:02.598915,1662
W0117,16:34:01.770222,1663
W0117,16:34:07.763664,1664
W0117,16:35:04.415818,1665
W0117,16:35:10.467375,1666
W0117,16:36:10.067370,1667
W0117,16:36:16.084640,1668
W0117,16:37:12.664363,1669
W0117,16:37:18.685925,1670
W0117,16:38:17.962960,1671
W0117,16:38:23.958449,1672
W0117,16:39:20.445439,1673
W0117,16:39:26.461289,1674
W0117,16:40:25.745796,1675
W0117,16:40:31.762342,1676
W0117,16:41:28.442674,1677
W0117,16:41:34.462074,1678
W0117,16:42:33.591691,1679
W0117,16:42:39.678296,1680
W0117,16:43:36.079802,1681
W0117,16:43:42.066161,1682
W0117,16:44:41.194525,1683
W0117,16:44:47.242712,1684
W0117,16:45:43.923718,1685
W0117,16:45:49.978040,1686
W0117,16:46:49.468598,1687
W0117,16:46:55.455680,1688
W0117,16:47:51.864500,1689
W0117,16:47:57.854749,1690
W0117,16:48:57.327601,1691
W0117,16:49:03.373807,1692
W0117,16:49:59.783596,1693
W0117,16:50:05.831530,1694
W0117,16:51:24.167166,1695
W0117,16:51:30.191965,1696
W0117,16:52:26.707190,1697
W0117,16:52:32.725807,1698
W0117,16:53:32.252286,1699
W0117,16:53:38.298365,1700
W0117,16:54:34.792099,1701
W0117,16:54:40.844410,1702
W0117,16:55:39.927752,1703
W0117,16:55:46.012069,1704
W0120,09:46:12.106709,1705
W0120,09:46:17.312604,1706
W0120,09:47:14.810864,1707
W0120,09:47:20.413739,1708
W0120,09:48:20.781376,1709
W0120,09:48:26.317790,1710
W0120,09:49:23.663492,1711
W0120,09:50:41.758091,1712
W0120,09:50:47.090741,1713
W0120,09:51:44.414355,1714
W0120,09:51:49.955169,1715
W0120,09:52:49.995462,1716
W0120,09:52:55.393448,1717
W0120,09:53:52.435464,1718
W0120,09:53:57.733846,1719
W0120,09:54:57.571465,1720
W0120,09:55:02.895054,1721
W0120,09:56:01.390866,1722
W0120,09:56:06.782546,1723
W0120,09:57:06.431002,1724
W0120,09:57:11.817778,1725
W0120,09:58:08.788211,1726
W0120,09:58:14.176666,1727
W0120,09:59:13.751022,1728
W0120,09:59:19.109161,1729
W0120,10:01:05.925035,1730
W0120,10:01:11.349059,1731
W0120,10:02:08.394902,1732
W0120,10:02:13.811612,1733
W0120,10:03:13.695269,1734
W0120,10:03:19.086414,1735
W0120,10:04:15.854893,1736
W0120,10:04:21.547000,1737
W0120,10:05:21.257206,1738
W0120,10:05:26.671362,1739
W0120,10:06:23.805948,1740
W0120,10:06:29.166404,1741
W0120,10:07:28.733343,1742
W0120,10:07:34.367949,1743
W0120,10:08:31.460223,1744
W0120,10:08:36.875948,1745
W0120,10:09:36.593703,1746
W0120,10:09:42.070319,1747
W0120,10:10:39.219815,1748
W0120,10:10:44.610380,1749
W0120,10:11:44.449955,1750
W0120,10:11:49.897586,1751
W0120,10:12:47.022837,1752
W0120,10:12:52.448132,1753
W0120,10:13:51.636842,1754
W0120,10:13:57.111744,1755
W0120,10:14:53.765261,1756
W0120,10:14:59.244385,1757
W0120,10:15:58.603931,1758
W0120,10:16:04.051126,1759
W0120,10:17:00.889223,1760
W0120,10:17:06.337796,1761
W0120,10:18:06.015525,1762
W0120,10:18:11.672528,1763
W0120,10:19:08.421981,1764
W0120,10:19:13.899515,1765
W0120,10:20:13.223309,1766
W0120,10:20:18.675307,1767
W0120,10:21:15.278247,1768
W0120,10:21:20.732430,1769
W0120,10:22:20.686406,1770
W0120,10:22:26.165575,1771
W0120,10:23:22.817405,1772
W0120,10:23:28.268914,1773
W0120,10:24:27.542608,1774
W0120,10:24:33.056615,1775
W0120,10:25:29.778934,1776
W0120,10:25:35.224272,1777
W0120,10:26:34.461951,1778
W0120,10:26:39.975735,1779
W0120,10:27:36.948542,1780
W0120,10:27:42.432444,1781
W0120,10:28:42.097148,1782
W0120,10:28:47.605181,1783
W0120,10:29:44.183074,1784
W0120,10:29:49.658812,1785
W0120,10:30:48.979558,1786
W0120,10:30:54.485625,1787
W0120,10:31:51.162997,1788
W0120,10:31:56.703665,1789
W0120,10:32:56.087445,1790
W0120,10:33:01.623734,1791
W0120,10:33:58.409600,1792
W0120,10:34:03.945613,1793
W0120,10:35:02.877918,1794
W0120,10:35:08.451776,1795
W0120,10:36:04.896502,1796
W0120,10:36:10.468575,1797
W0120,10:37:09.685448,1798
W0120,10:37:15.255211,1799
W0120,10:38:11.691720,1800
W0120,10:38:17.229198,1801
W0120,10:39:16.427116,1802
W0120,10:39:21.997114,1803
W0120,10:40:18.819003,1804
W0120,10:40:24.383481,1805
W0120,10:41:23.412156,1806
W0120,10:41:28.977363,1807
W0120,10:42:25.688122,1808
W0120,10:42:31.282833,1809
W0120,10:43:30.534639,1810
W0120,10:43:36.106812,1811
W0120,10:44:32.785557,1812
W0120,10:44:38.352422,1813
W0120,10:45:38.022377,1814
W0120,10:45:43.652474,1815
W0120,10:46:40.109472,1816
W0120,10:46:45.736265,1817
W0120,10:47:44.963459,1818
W0120,10:47:50.568246,1819
W0120,10:48:47.106384,1820
W0120,10:48:52.731523,1821
W0120,10:49:52.124614,1822
W0120,10:49:57.788411,1823
W0120,10:50:54.404282,1824
W0120,10:50:59.999277,1825
W0120,10:51:59.131374,1826
W0120,10:52:04.733690,1827
W0120,10:53:01.344753,1828
W0120,10:53:06.977020,1829
W0120,10:54:06.362377,1830
W0120,10:54:11.960752,1831
W0120,10:55:08.612991,1832
W0120,10:55:14.245711,1833
W0120,10:56:13.591557,1834
W0120,10:56:19.254498,1835
W0120,10:57:16.004207,1836
W0120,10:57:21.665766,1837
W0120,10:58:20.966578,1838
W0120,10:58:26.627250,1839
W0120,10:59:23.064458,1840
W0120,10:59:28.751482,1841
W0120,11:00:27.756356,1842
W0120,11:00:33.442066,1843
W0120,11:01:29.790009,1844
W0120,11:01:35.479620,1845
W0120,11:02:34.936493,1846
W0120,11:02:40.591476,1847
W0120,11:03:37.221069,1848
W0120,11:03:42.908077,1849
W0120,11:04:41.794128,1850
W0120,11:04:47.480135,1851
W0120,11:05:43.943502,1852
W0120,11:05:49.636471,1853
W0120,11:06:48.922189,1854
W0120,11:06:54.642735,1855
W0120,11:07:51.407475,1856
W0120,11:07:57.097971,1857
W0120,11:08:55.996166,1858
W0120,11:09:01.714507,1859
W0120,11:09:57.906898,1860
W0120,11:10:03.597275,1861
W0120,11:11:02.533093,1862
W0120,11:11:08.257558,1863
W0120,11:12:04.590947,1864
W0120,11:12:10.310590,1865
W0120,11:13:09.415685,1866
W0120,11:13:15.101075,1867
W0120,11:14:11.912256,1868
W0120,11:14:17.634169,1869
W0120,11:18:47.488075,1870
W0120,11:18:53.206954,1871
W0120,11:19:50.023108,1872
W0120,11:19:55.830227,1873
W0120,11:20:54.596201,1874
W0120,11:21:00.283147,1875
W0120,11:21:56.829438,1876
W0120,11:22:02.549121,1877
W0120,11:23:01.493319,1878
W0120,11:23:07.271283,1879
W0120,11:24:03.956892,1880
W0120,11:24:09.739743,1881
W0120,11:25:09.224392,1882
W0120,11:25:14.945083,1883
W0120,11:26:11.460304,1884
W0120,11:26:17.212178,1885
W0120,11:27:16.498412,1886
W0120,11:27:22.283073,1887
W0120,11:28:18.805012,1888
W0120,11:28:24.553625,1889
W0120,11:29:23.708568,1890
W0120,11:29:29.492137,1891
W0120,11:30:26.170105,1892
W0120,11:30:31.954430,1893
W0120,11:31:30.793529,1894
W0120,11:31:36.578038,1895
W0120,11:32:32.812247,1896
W0120,11:32:38.559036,1897
W0120,11:33:37.812856,1898
W0120,11:33:43.559001,1899
W0120,11:34:40.066543,1900
W0120,11:34:45.880599,1901
W0120,11:35:44.818058,1902
W0120,11:35:50.570813,1903
W0120,11:36:47.291653,1904
W0120,11:36:53.103111,1905
W0120,11:37:51.887017,1906
W0120,11:37:57.663383,1907
W0120,11:38:53.963826,1908
W0120,11:38:59.747278,1909
W0120,11:39:58.736515,1910
W0120,11:40:04.548856,1911
W0120,11:41:01.260166,1912
W0120,11:41:07.068300,1913
W0120,11:42:06.012612,1914
W0120,11:42:11.817891,1915
W0120,11:43:07.967320,1916
W0120,11:43:13.746940,1917
W0120,11:44:12.626103,1918
W0120,11:44:18.434960,1919
W0120,11:45:14.782944,1920
W0120,11:45:20.535429,1921
W0120,11:46:19.421348,1922
W0120,11:46:25.234861,1923
W0120,11:47:21.687281,1924
W0120,11:47:27.501304,1925
W0120,11:48:26.407397,1926
W0120,11:48:32.246728,1927
W0120,11:49:28.599026,1928
W0120,11:49:34.441546,1929
W0120,11:50:33.697887,1930
W0120,11:50:39.536682,1931
W0120,11:51:35.859546,1932
W0120,11:51:41.669185,1933
W0120,11:52:41.050527,1934
W0120,11:52:46.923883,1935
W0120,11:53:43.678115,1936
W0120,11:53:49.516961,1937
W0120,11:54:48.624331,1938
W0120,11:54:54.460876,1939
W0120,11:55:50.960412,1940
W0120,11:55:56.797693,1941
W0120,13:31:18.757113,1942
W0120,13:31:24.024444,1943
W0120,13:32:20.571713,1944
W0120,13:32:26.050904,1945
W0120,13:33:25.428694,1946
W0120,13:33:31.001256,1947
W0120,13:34:27.736171,1948
W0120,13:34:33.270074,1949
W0120,13:35:32.672556,1950
W0120,13:35:38.241204,1951
W0120,13:36:35.144601,1952
W0120,13:36:40.686722,1953
W0120,13:37:39.734416,1954
W0120,13:37:45.268906,1955
W0120,13:38:41.963755,1956
W0120,13:38:47.536584,1957
W0120,13:39:46.816496,1958
W0120,13:39:52.384491,1959
W0120,13:40:49.068445,1960
W0120,13:40:54.638468,1961
W0120,13:41:53.988915,1962
W0120,13:41:59.554018,1963
W0120,13:42:55.982731,1964
W0120,13:43:01.586097,1965
W0120,13:44:00.751812,1966
W0120,13:44:06.354307,1967
W0120,13:45:02.792567,1968
W0120,13:45:08.394192,1969
W0120,13:46:07.624382,1970
W0120,13:46:13.227468,1971
W0120,13:47:09.811205,1972
W0120,13:47:15.461321,1973
W0120,13:48:14.851235,1974
W0120,13:48:20.507200,1975
W0120,13:49:16.888036,1976
W0120,13:49:22.517987,1977
W0120,13:50:21.788710,1978
W0120,13:50:27.413273,1979
W0120,13:51:23.859637,1980
W0120,13:51:29.490609,1981
W0120,13:52:28.915249,1982
W0120,13:53:49.534276,1983
W0120,13:53:55.198825,1984
W0120,13:54:51.753003,1985
W0120,13:54:57.385346,1986
W0120,13:55:56.531215,1987
W0120,13:56:02.194356,1988
W0120,13:56:58.800359,1989
W0120,13:57:04.455919,1990
W0120,13:58:03.259182,1991
W0120,13:58:08.923250,1992
W0120,13:59:05.554492,1993
W0120,13:59:11.210901,1994
W0120,14:00:10.294641,1995
W0120,14:00:15.986287,1996
W0120,14:01:12.182154,1997
W0120,14:01:17.873248,1998
W0120,14:02:16.899542,1999
W0120,14:02:22.554682,2000
W0120,14:03:18.996308,2001
W0120,14:03:24.658653,2002
W0120,14:04:24.027704,2003
W0120,14:04:29.729758,2004
W0120,14:05:26.202334,2005
W0120,14:05:31.888671,2006
W0120,14:06:30.877801,2007
W0120,14:06:36.568288,2008
W0120,14:07:33.117970,2009
W0120,14:07:38.866439,2010
W0120,14:08:37.943743,2011
W0120,14:08:43.666853,2012
W0120,14:09:40.251181,2013
W0120,14:09:46.002456,2014
W0120,14:10:45.325059,2015
W0120,14:10:51.071590,2016
W0120,14:11:47.303586,2017
W0120,14:11:53.048555,2018
W0120,14:12:51.969348,2019
W0120,14:12:57.686611,2020
W0120,14:13:54.723435,2021
W0120,14:14:00.473610,2022
W0120,14:18:33.665848,2023
W0120,14:18:39.475003,2024
W0120,14:19:36.280215,2025
W0120,14:19:42.061962,2026
W0120,14:20:40.941975,2027
W0120,14:20:46.691504,2028
W0120,14:21:43.570170,2029
W0120,14:21:49.352087,2030
W0120,14:22:48.265975,2031
W0120,14:22:54.018697,2032
W0120,14:23:50.696656,2033
W0120,14:23:56.505951,2034
W0120,14:24:55.403936,2035
W0120,14:25:01.157814,2036
W0120,14:25:57.687696,2037
W0120,14:26:03.524305,2038
W0120,14:27:02.791250,2039
W0120,14:27:08.656792,2040
W0120,14:28:05.197731,2041
W0120,14:28:11.126639,2042
W0120,14:29:10.262364,2043
W0120,14:29:16.253365,2044
W0120,14:30:12.892241,2045
W0120,14:30:19.003517,2046
W0120,14:31:17.834329,2047
W0120,14:31:23.972230,2048
W0120,14:32:20.780062,2049
W0120,14:32:27.072906,2050
W0120,14:33:26.927584,2051
W0120,14:33:33.184985,2052
W0120,14:34:29.461529,2053
W0120,14:34:35.783334,2054
W0120,14:35:34.782555,2055
W0120,14:35:41.228286,2056
W0120,14:36:37.580888,2057
W0120,14:36:44.169798,2058
W0120,14:37:43.186797,2059
W0120,14:37:49.807379,2060
W0120,14:38:47.064492,2061
W0120,14:46:56.333952,2062
W0120,14:47:02.926450,2063
W0120,14:47:59.319115,2064
W0120,14:50:12.748696,2065
W0120,15:00:19.582693,2066
W0120,15:00:19.613272,2067
W0120,15:01:10.885516,2068
W0120,15:01:10.916244,2069
W0120,15:02:05.328588,2070
W0120,15:02:05.359313,2071
W0120,15:02:56.154830,2072
W0120,15:02:56.185513,2073
W0120,15:03:50.681607,2074
W0120,15:03:50.712252,2075
W0120,15:04:41.603739,2076
W0120,15:04:41.634384,2077
W0120,15:05:36.304867,2078
W0120,15:05:36.335448,2079
W0120,15:06:27.313635,2080
W0120,15:06:27.347159,2081
W0120,15:07:21.955045,2082
W0120,15:07:21.985759,2083
W0120,15:08:13.299367,2084
W0120,15:08:13.330036,2085
W0120,15:09:07.266608,2086
W0120,15:09:07.297286,2087
W0120,15:09:58.266353,2088
W0120,15:09:58.296906,2089
W0120,15:10:52.630149,2090
W0120,15:10:52.660815,2091
W0120,15:11:43.968721,2092
W0120,15:11:44.819319,2093
W0120,15:12:38.344413,2094
W0120,15:12:38.405561,2095
W0120,15:13:29.553076,2096
W0120,15:13:29.583659,2097
W0120,15:14:23.946483,2098
W0120,15:14:23.977066,2099
W0120,15:15:15.092206,2100
W0120,15:15:15.133039,2101
W0120,15:16:09.477675,2102
W0120,15:16:09.538749,2103
W0120,15:17:00.566305,2104
W0120,15:17:00.607077,2105
W0120,15:17:55.075645,2106
W0120,15:17:55.136752,2107
W0120,15:18:46.109647,2108
W0120,15:18:46.170718,2109
W0120,15:19:40.821797,2110
W0120,15:19:40.852422,2111
W0120,15:20:31.658679,2112
W0120,15:20:32.510632,2113
W0120,15:21:26.141265,2114
W0120,15:21:26.172716,2115
W0120,15:22:16.996336,2116
W0120,15:22:17.026973,2117
W0120,15:23:11.254016,2118
W0120,15:23:11.284622,2119
W0120,15:24:02.141075,2120
W0120,15:24:02.171705,2121
W0120,15:24:56.633481,2122
W0120,15:24:56.664127,2123
W0120,15:25:47.503286,2124
W0120,15:25:47.533877,2125
W0120,15:26:41.610843,2126
W0120,15:26:41.672009,2127
W0120,15:27:32.508671,2128
W0120,15:27:32.539373,2129
W0120,15:28:26.941140,2130
W0120,15:28:26.971786,2131
W0120,15:29:17.844226,2132
W0120,15:29:17.905269,2133
W0120,15:30:12.150732,2134
W0120,15:30:12.815724,2135
W0120,15:31:04.056679,2136
W0120,15:31:04.087260,2137
W0120,15:31:58.302237,2138
W0120,15:31:58.332806,2139
W0120,15:32:48.927789,2140
W0120,15:32:48.958457,2141
W0120,15:33:43.284273,2142
W0120,15:33:43.314872,2143
W0120,15:34:34.080117,2144
W0120,15:34:34.110870,2145
W0120,15:35:28.433327,2146
W0120,15:35:28.464012,2147
W0120,15:36:19.523327,2148
W0120,15:36:19.553923,2149
W0120,15:37:13.949589,2150
W0120,15:37:13.980307,2151
W0120,15:38:04.722704,2152
W0120,15:38:05.454550,2153
W0120,15:38:58.924067,2154
W0120,15:38:58.954846,2155
W0120,15:39:49.859115,2156
W0120,15:39:49.889835,2157
W0120,15:40:44.262419,2158
W0120,15:40:44.293084,2159
W0120,15:41:35.403115,2160
W0120,15:41:35.433782,2161
W0120,15:42:29.963649,2162
W0120,15:42:29.994341,2163
W0120,15:43:20.708613,2164
W0120,15:43:20.739264,2165
W0120,15:44:14.903733,2166
W0120,15:44:14.934306,2167
W0120,15:45:05.693902,2168
W0120,15:45:05.724586,2169
W0120,15:45:59.962123,2170
W0120,15:45:59.992759,2171
W0120,15:46:50.785151,2172
W0120,15:46:50.815742,2173
W0120,15:47:45.300415,2174
W0120,15:47:45.331096,2175
W0120,15:48:36.394574,2176
W0120,15:48:37.177174,2177
W0120,15:49:30.788887,2178
W0120,15:49:30.819629,2179
W0120,15:50:21.639398,2180
W0120,15:50:21.670042,2181
W0120,15:51:15.984642,2182
W0120,15:51:16.015321,2183
W0120,15:52:06.976234,2184
W0120,15:52:07.037221,2185
W0120,15:53:01.480953,2186
W0120,15:53:01.511677,2187
W0120,15:53:52.830893,2188
W0120,15:53:52.861495,2189
W0120,15:54:46.996508,2190
W0120,15:54:47.037386,2191
W0120,15:55:37.590627,2192
W0120,15:55:37.621315,2193
W0120,15:56:31.825446,2194
W0120,15:56:31.856091,2195
W0120,15:57:22.516633,2196
W0120,15:57:22.547258,2197
W0120,15:58:16.721277,2198
W0120,15:58:16.751933,2199
W0120,15:59:07.393987,2200
W0120,15:59:07.424732,2201
W0120,16:00:02.071077,2202
W0120,16:00:02.101711,2203
W0120,16:00:52.776311,2204
W0120,16:00:52.837534,2205
W0120,16:01:46.895730,2206
W0120,16:01:46.926483,2207
W0120,16:02:37.996654,2208
W0120,16:02:38.759093,2209
W0120,16:03:32.504545,2210
W0120,16:03:32.535179,2211
W0120,16:04:23.398497,2212
W0120,16:04:23.429209,2213
W0120,16:05:17.936370,2214
W0120,16:05:17.967154,2215
W0120,16:06:08.878146,2216
W0120,16:06:08.940052,2217
W0120,16:07:03.044102,2218
W0120,16:07:03.105338,2219
W0120,16:07:53.917456,2220
W0120,16:07:53.948093,2221
W0120,16:08:48.087563,2222
W0120,16:08:48.118503,2223
W0120,16:09:39.202195,2224
W0120,16:09:39.232811,2225
W0120,16:10:33.497903,2226
W0120,16:10:33.528515,2227
W0120,16:11:24.270123,2228
W0120,16:11:24.300734,2229
W0120,16:12:18.580045,2230
W0120,16:12:18.610682,2231
W0120,16:13:09.551069,2232
W0120,16:13:09.581722,2233
W0120,16:14:03.921435,2234
W0120,16:14:03.952235,2235
W0120,16:14:54.951516,2236
W0120,16:14:54.982139,2237
W0120,16:15:49.269256,2238
W0120,16:15:49.299942,2239
W0120,16:16:40.239014,2240
W0120,16:16:40.269634,2241
W0120,16:17:34.786067,2242
W0120,16:17:34.816713,2243
W0120,16:18:25.476107,2244
W0120,16:18:26.294701,2245
W0120,16:23:54.962929,2246
W0120,16:23:54.993611,2247
W0120,16:24:45.785596,2248
W0120,16:24:45.816226,2249
W0120,16:25:40.184393,2250
W0120,16:25:40.215023,2251
W0120,16:26:31.082329,2252
W0120,16:26:31.112927,2253
W0120,16:27:25.402920,2254
W0120,16:27:25.433532,2255
W0120,16:28:16.698422,2256
W0120,16:28:16.729068,2257
W0120,16:29:11.283835,2258
W0120,16:29:11.314594,2259
W0120,16:30:02.188949,2260
W0120,16:30:02.219553,2261
W0120,16:30:56.480855,2262
W0120,16:30:56.511499,2263
W0120,16:31:47.240182,2264
W0120,16:31:47.270869,2265
W0120,16:32:41.491729,2266
W0120,16:32:41.522464,2267
W0120,16:33:32.543511,2268
W0120,16:33:32.604638,2269
W0120,16:34:27.340947,2270
W0120,16:34:27.371897,2271
W0120,16:35:18.259267,2272
W0120,16:35:18.289840,2273
W0120,16:36:12.608386,2274
W0120,16:36:12.638962,2275
W0120,16:37:03.442023,2276
W0120,16:37:04.202461,2277
W0120,16:37:57.687363,2278
W0120,16:37:57.717936,2279
W0120,16:38:49.040505,2280
W0120,16:38:49.071144,2281
W0120,16:39:43.315725,2282
W0120,16:39:43.346313,2283
W0120,16:40:34.690320,2284
W0120,16:40:34.731146,2285
W0120,16:41:29.128922,2286
W0120,16:41:29.169826,2287
W0120,16:42:19.989526,2288
W0120,16:42:20.020136,2289
W0120,16:43:14.211181,2290
W0120,16:43:14.272331,2291
W0120,16:44:05.001724,2292
W0120,16:44:05.032418,2293
W0120,16:44:59.451601,2294
W0120,16:44:59.482266,2295
W0120,16:45:50.485261,2296
W0120,16:45:50.515933,2297
W0120,16:46:44.884944,2298
W0120,16:46:44.915606,2299
W0120,16:47:35.786772,2300
W0120,16:47:35.817477,2301
W0120,16:48:30.163157,2302
W0120,16:48:30.193861,2303
W0120,16:49:21.077683,2304
W0120,16:49:21.138885,2305
W0120,16:50:15.591730,2306
W0120,16:50:15.622372,2307
W0120,16:51:06.651695,2308
W0120,16:51:06.682338,2309
W0120,16:52:01.233636,2310
W0120,16:52:01.264329,2311
W0120,16:52:51.878233,2312
W0120,16:52:51.939381,2313
W0120,16:53:46.337822,2314
W0120,16:53:46.368471,2315
W0120,16:54:37.191123,2316
W0120,16:54:37.221824,2317
W0120,16:55:31.576193,2318
W0120,16:55:31.657538,2319
W0120,16:56:22.536177,2320
W0120,16:56:22.577111,2321
W0120,16:57:16.887149,2322
W0120,16:57:16.917752,2323
W0120,16:58:08.075449,2324
W0120,16:58:08.864982,2325
W0120,16:59:02.320533,2326
W0120,16:59:02.351269,2327
W0122,09:50:49.233443,2328
W0122,09:50:54.558542,2329
W0122,09:51:51.919309,2330
W0122,09:51:57.433585,2331
W0122,09:52:57.225106,2332
W0122,09:53:02.765506,2333
W0122,09:53:59.863957,2334
W0122,09:54:05.161895,2335
W0122,09:55:04.896919,2336
W0122,09:55:10.256304,2337
W0122,09:56:07.671046,2338
W0122,09:56:13.357628,2339
W0122,09:57:13.036963,2340
W0122,09:57:18.816284,2341
W0122,09:58:15.935689,2342
W0122,09:58:21.297091,2343
W0122,09:59:20.932042,2344
W0122,09:59:26.348450,2345
W0122,10:00:23.359889,2346
W0122,10:00:28.750236,2347
W0122,10:01:28.085263,2348
W0122,10:01:33.472645,2349
W0122,10:02:30.620771,2350
W0122,10:02:35.983067,2351
W0122,10:03:35.588865,2352
W0122,10:03:40.978374,2353
W0122,10:04:37.854396,2354
W0122,10:04:43.450268,2355
W0122,10:05:43.443423,2356
W0122,10:05:48.834861,2357
W0122,10:06:45.520221,2358
W0122,10:06:50.918879,2359
W0122,10:07:50.467898,2360
W0122,10:07:55.890491,2361
W0122,10:08:52.794180,2362
W0122,10:08:58.218039,2363
W0122,10:09:57.778183,2364
W0122,10:10:03.138576,2365
W0122,10:10:59.706236,2366
W0122,10:11:05.158959,2367
W0122,10:12:04.350354,2368
W0122,10:12:09.795424,2369
W0122,10:13:06.487795,2370
W0122,10:13:11.906594,2371
W0122,10:14:11.368578,2372
W0122,10:14:16.815500,2373
W0122,10:15:13.816666,2374
W0122,10:15:19.235764,2375
W0122,10:16:18.465688,2376
W0122,10:16:23.977936,2377
W0122,10:17:20.886026,2378
W0122,10:17:26.369648,2379
W0122,10:18:25.613883,2380
W0122,10:18:31.157567,2381
W0122,10:19:27.798108,2382
W0122,10:19:33.309505,2383
W0122,10:20:32.610004,2384
W0122,10:20:38.091579,2385
W0122,10:21:34.607414,2386
W0122,10:21:40.112634,2387
W0122,10:22:39.361181,2388
W0122,10:22:44.867051,2389
W0122,10:23:41.544492,2390
W0122,10:23:47.053653,2391
W0122,10:24:46.539834,2392
W0122,10:24:52.046895,2393
W0122,10:25:48.424549,2394
W0122,10:25:53.932936,2395
W0122,10:26:53.173043,2396
W0122,10:26:58.776240,2397
W0122,10:27:55.423641,2398
W0122,10:28:00.962481,2399
W0122,10:29:00.182996,2400
W0122,10:29:05.753691,2401
W0122,10:30:02.320500,2402
W0122,10:30:07.834299,2403
W0122,10:31:07.232645,2404
W0122,10:31:12.799669,2405
W0122,10:32:09.442243,2406
W0122,10:32:15.010322,2407
W0122,10:33:18.118525,2408
W0122,10:33:23.718324,2409
W0122,10:34:20.572281,2410
W0122,10:34:26.111966,2411
W0122,10:35:25.162703,2412
W0122,10:35:30.701725,2413
W0122,10:36:27.049757,2414
W0122,10:36:32.624682,2415
W0122,10:37:31.824018,2416
W0122,10:37:37.424520,2417
W0122,10:38:34.379180,2418
W0122,10:38:39.952453,2419
W0122,10:39:39.125643,2420
W0122,10:39:44.698741,2421
W0122,10:40:41.132437,2422
W0122,10:40:46.706568,2423
W0122,10:41:45.904670,2424
W0122,10:41:51.508499,2425
W0122,10:42:48.403191,2426
W0122,10:42:53.998658,2427
W0122,10:43:53.570174,2428
W0122,10:43:59.229817,2429
W0122,10:44:55.728020,2430
W0122,10:45:01.328744,2431
W0122,10:46:00.278748,2432
W0122,10:46:05.938169,2433
W0122,10:47:02.352607,2434
W0122,10:47:07.986955,2435
W0122,10:48:07.187383,2436
W0122,10:48:12.813169,2437
W0122,10:49:09.233098,2438
W0122,10:49:14.949383,2439
W0122,10:50:14.020359,2440
W0122,10:50:19.651607,2441
W0122,10:51:16.084061,2442
W0122,10:51:21.738996,2443
W0122,10:52:20.680305,2444
W0122,10:52:26.341689,2445
W0122,10:53:23.111339,2446
W0122,10:53:28.767490,2447
W0122,10:54:27.807161,2448
W0122,10:54:33.476418,2449
W0122,10:55:30.132458,2450
W0122,10:55:35.856225,2451
W0122,10:56:35.136468,2452
W0122,10:56:40.794317,2453
W0122,10:57:37.551482,2454
W0122,10:57:43.207327,2455
W0122,10:58:42.497135,2456
W0122,10:58:48.230280,2457
W0122,10:59:44.548296,2458
W0122,10:59:50.212227,2459
W0122,11:00:49.228624,2460
W0122,11:00:54.918972,2461
W0122,11:01:51.495656,2462
W0122,11:01:57.220352,2463
W0122,11:02:56.623466,2464
W0122,11:03:02.341349,2465
W0122,11:03:58.987933,2466
W0122,11:04:04.713050,2467
W0122,11:05:04.378108,2468
W0122,11:09:20.034307,2469
W0122,11:09:25.786567,2470
W0122,11:10:22.382925,2471
W0122,11:10:28.040940,2472
W0122,11:11:27.374210,2473
W0122,11:11:33.030634,2474
W0122,11:12:29.950270,2475
W0122,11:12:35.644981,2476
W0122,11:13:34.691948,2477
W0122,11:13:40.438828,2478
W0122,11:14:36.975776,2479
W0122,11:14:42.695051,2480
W0122,11:15:42.084959,2481
W0122,11:15:47.773901,2482
W0122,11:16:44.291146,2483
W0122,11:16:50.044289,2484
W0122,11:17:49.177227,2485
W0122,11:17:54.893115,2486
W0122,11:18:51.540747,2487
W0122,11:18:57.261317,2488
W0122,11:19:56.090646,2489
W0122,11:20:01.839413,2490
W0122,11:20:58.117437,2491
W0122,11:21:03.812487,2492
W0122,11:22:02.947036,2493
W0122,11:22:08.700824,2494
W0122,11:23:05.084270,2495
W0122,11:23:10.799345,2496
W0122,11:24:10.114959,2497
W0122,11:24:15.891552,2498
W0122,11:25:12.404505,2499
W0122,11:25:18.184902,2500
W0122,11:26:17.207341,2501
W0122,11:26:22.986995,2502
W0122,11:27:19.359488,2503
W0122,11:27:25.137010,2504
W0122,11:28:24.051375,2505
W0122,11:28:29.798228,2506
W0122,11:29:26.320758,2507
W0122,11:29:32.101890,2508
W0122,11:30:31.230131,2509
W0122,11:30:37.011000,2510
W0122,11:46:21.541389,2511
W0122,11:46:27.325186,2512
W0122,11:47:23.803546,2513
W0122,11:47:29.524211,2514
W0122,11:48:29.010658,2515
W0122,11:48:34.695197,2516
W0122,11:49:31.495450,2517
W0122,11:49:37.248013,2518
W0122,11:50:36.635468,2519
W0122,11:50:42.387444,2520
W0122,11:51:39.339882,2521
W0122,11:51:45.091945,2522
W0122,11:52:44.081303,2523
W0122,11:52:49.797438,2524
W0122,11:53:46.343393,2525
W0122,11:53:52.127408,2526
W0122,11:54:51.337163,2527
W0122,11:54:57.083921,2528
W0122,11:55:53.595180,2529
W0122,11:55:59.377137,2530
W0122,11:56:58.906109,2531
W0122,11:57:04.684351,2532
W0122,11:58:01.207639,2533
W0122,11:58:06.988216,2534
W0122,13:20:07.229794,2535
W0122,13:20:12.739056,2536
W0122,13:21:10.360608,2537
W0122,13:21:15.864805,2538
W0122,13:22:14.969550,2539
W0122,13:22:20.507474,2540
W0122,13:23:17.323228,2541
W0122,13:23:22.858675,2542
W0122,13:24:22.361120,2543
W0122,13:24:27.896669,2544
W0122,13:25:24.853783,2545
W0122,13:25:30.452445,2546
W0122,13:26:29.943077,2547
W0122,13:26:35.545188,2548
W0122,13:27:32.064431,2549
W0122,13:27:37.635480,2550
W0122,13:28:36.864012,2551
W0122,13:28:42.434011,2552
W0122,13:29:39.077822,2553
W0122,13:29:44.645668,2554
W0122,13:30:44.061398,2555
W0122,13:30:49.686242,2556
W0122,13:31:46.142571,2557
W0122,13:31:51.736593,2558
W0122,13:32:51.020462,2559
W0122,13:32:56.624745,2560
W0122,13:33:53.554986,2561
W0122,13:33:59.158725,2562
W0122,13:34:58.321365,2563
W0122,13:35:03.952214,2564
W0122,13:36:00.788457,2565
W0122,13:36:06.420842,2566
W0122,13:37:05.551409,2567
W0122,13:37:11.178323,2568
W0122,13:38:07.675134,2569
W0122,13:38:13.302832,2570
W0122,13:39:12.228678,2571
W0122,13:39:17.916105,2572
W0122,13:40:14.555132,2573
W0122,13:40:20.215484,2574
W0122,13:52:40.847064,2575
W0122,13:52:46.504865,2576
W0122,13:53:42.995581,2577
W0122,13:53:48.596999,2578
W0122,13:54:47.953070,2579
W0122,13:54:53.548084,2580
W0122,13:55:50.645013,2581
W0122,13:55:56.276705,2582
W0122,13:56:55.171114,2583
W0122,13:57:00.829558,2584
W0122,13:57:57.490764,2585
W0122,13:58:03.176625,2586
W0122,13:59:02.488924,2587
W0122,13:59:08.145431,2588
W0122,14:00:04.504277,2589
W0122,14:00:10.166064,2590
W0122,14:01:09.265695,2591
W0122,14:01:14.957724,2592
W0122,14:02:11.473212,2593
W0122,14:02:17.162334,2594
W0122,14:03:16.328229,2595
W0122,14:03:22.052018,2596
W0122,14:04:18.535280,2597
W0122,14:04:24.255373,2598
W0122,14:05:23.522756,2599
W0122,14:05:29.210450,2600
W0122,14:06:26.017560,2601
W0122,14:06:31.705569,2602
W0122,14:07:30.647377,2603
W0122,14:07:36.310348,2604
W0122,14:08:32.568521,2605
W0122,14:08:38.344509,2606
W0122,14:09:37.378722,2607
W0122,14:09:43.099650,2608
W0122,14:10:39.730736,2609
W0122,14:10:45.485960,2610
W0122,14:11:44.439261,2611
W0122,14:11:50.187693,2612
W0122,14:12:46.644629,2613
W0122,14:12:52.363582,2614
W0122,14:13:51.519367,2615
W0122,14:13:57.234961,2616
W0122,14:14:53.824046,2617
W0122,14:14:59.576481,2618
W0122,14:15:58.717444,2619
W0122,14:16:04.499843,2620
W0122,14:17:01.062744,2621
W0122,14:17:06.844058,2622
W0122,14:18:06.086658,2623
W0122,14:18:11.837041,2624
W0122,14:19:08.234889,2625
W0122,14:19:14.012303,2626
W0122,14:20:13.266458,2627
W0122,14:20:19.072084,2628
W0122,14:21:15.696358,2629
W0122,14:21:21.475688,2630
W0122,14:22:20.813663,2631
W0122,14:22:26.561906,2632
W0122,14:23:22.906533,2633
W0122,14:23:28.715442,2634
W0122,14:24:27.768142,2635
W0122,14:24:33.581010,2636
W0122,14:25:30.077946,2637
W0122,14:25:35.857002,2638
W0122,14:44:45.660534,2639
W0122,14:44:51.436161,2640
W0122,14:45:48.241138,2641
W0122,14:45:53.962713,2642
W0122,14:46:53.010483,2643
W0122,14:46:58.695859,2644
W0122,14:47:55.152797,2645
W0122,14:48:00.840448,2646
W0122,14:49:00.078402,2647
W0122,14:49:05.831758,2648
W0122,14:50:02.498842,2649
W0122,14:50:08.274395,2650
W0122,14:51:07.388064,2651
W0122,14:51:13.139022,2652
W0122,14:52:09.540657,2653
W0122,14:52:15.294185,2654
W0122,14:53:14.396215,2655
W0122,14:53:20.143764,2656
W0122,14:54:16.707968,2657
W0122,14:54:22.486143,2658
W0122,14:55:21.848862,2659
W0122,14:55:27.603458,2660
W0122,14:56:23.771294,2661
W0122,14:56:29.577790,2662
W0122,14:57:28.385558,2663
W0122,14:57:34.135721,2664
W0122,14:58:30.573387,2665
W0122,14:58:36.356268,2666
W0122,14:59:35.593318,2667
W0122,14:59:41.344195,2668
W0122,15:00:38.181872,2669
W0122,15:00:43.996644,2670
W0122,15:01:42.863086,2671
W0122,15:01:48.673885,2672
W0122,15:02:45.298336,2673
W0122,15:02:51.110744,2674
W0122,15:03:50.283174,2675
W0122,15:03:56.094115,2676
W0122,15:04:52.568006,2677
W0122,15:04:58.410109,2678
W0122,15:05:57.597640,2679
W0122,15:06:03.404191,2680
W0122,15:06:59.885613,2681
W0122,15:07:05.695672,2682
W0122,15:08:04.925989,2683
W0122,15:08:10.741127,2684
W0122,15:09:07.065609,2685
W0122,15:09:12.907584,2686
W0122,15:10:11.856693,2687
W0122,15:10:17.662698,2688
W0122,15:11:14.078238,2689
W0122,15:11:19.922407,2690
W0122,15:12:18.854563,2691
W0122,15:12:24.720571,2692
W0122,15:13:21.199126,2693
W0122,15:13:27.072875,2694
W0122,15:14:26.255381,2695
W0122,15:14:32.098166,2696
W0122,15:15:28.662171,2697
W0122,15:15:34.588099,2698
W0122,15:16:33.614881,2699
W0122,15:16:39.455647,2700
W0122,15:17:35.631347,2701
W0122,15:17:41.504318,2702
W0122,15:18:40.912721,2703
W0122,15:18:46.812907,2704
W0122,15:19:43.388980,2705
W0122,15:19:49.254983,2706
W0122,15:20:48.557708,2707
W0122,15:20:54.431313,2708
W0122,15:21:50.717669,2709
W0122,15:21:56.592907,2710
W0122,15:22:55.456744,2711
W0122,15:23:01.327342,2712
W0122,15:23:57.542193,2713
W0122,15:24:03.447322,2714
W0122,15:25:02.426857,2715
W0122,15:25:08.233644,2716
W0122,15:26:04.728583,2717
W0122,15:26:10.720688,2718
W0122,15:27:09.568506,2719
W0122,15:27:15.466488,2720
W0122,15:28:11.811909,2721
W0122,15:28:17.747287,2722
W0122,15:29:16.997215,2723
W0122,15:29:22.867522,2724
W0122,15:30:19.543926,2725
W0122,15:30:25.442903,2726
W0122,15:31:24.500011,2727
W0122,15:31:30.368304,2728
W0122,15:32:26.578799,2729
W0122,15:32:32.475481,2730
W0122,15:33:31.527498,2731
W0122,15:33:37.429383,2732
W0122,15:34:34.112520,2733
W0122,15:34:40.008044,2734
W0122,15:35:39.343523,2735
W0122,15:35:45.239871,2736
W0122,15:36:41.474030,2737
W0122,15:36:47.406617,2738
W0122,15:37:46.395958,2739
W0122,15:37:52.327483,2740
W0122,15:38:49.076663,2741
W0122,15:38:55.004220,2742
W0122,15:39:54.097162,2743
W0122,15:40:00.028349,2744
W0122,15:40:56.760574,2745
W0122,15:41:02.716739,2746
W0122,15:42:01.886777,2747
W0122,15:42:07.813366,2748
W0122,15:43:04.355816,2749
W0122,15:43:10.311585,2750
W0122,15:44:09.545257,2751
W0122,15:44:15.506829,2752
W0122,15:45:12.034958,2753
W0122,15:45:18.024302,2754
W0122,15:46:17.268110,2755
W0122,15:46:23.226841,2756
W0122,15:47:19.572422,2757
W0122,15:47:25.536325,2758
W0122,15:49:05.568462,2759
W0122,15:49:11.555197,2760
W0122,15:50:23.667773,2761
W0122,15:50:29.663266,2762
W0122,15:51:26.363179,2763
W0122,15:51:32.297508,2764
W0122,15:52:31.191938,2765
W0122,15:52:37.150506,2766
W0122,15:53:33.478261,2767
W0122,15:53:39.473244,2768
W0122,15:54:38.588508,2769
W0122,15:54:44.582254,2770
W0122,15:55:41.187835,2771
W0122,15:55:47.145697,2772
W0122,15:56:45.974321,2773
W0122,15:56:51.934720,2774
W0122,15:57:48.460306,2775
W0122,15:57:54.453811,2776
W0122,15:58:53.296504,2777
W0122,15:58:59.321858,2778
W0122,15:59:55.736807,2779
W0122,16:00:01.758244,2780
W0122,16:01:00.719158,2781
W0122,16:01:06.681423,2782
W0122,16:02:03.382972,2783
W0122,16:02:09.371845,2784
W0122,16:03:08.350628,2785
W0122,16:03:14.337093,2786
W0122,16:04:10.610635,2787
W0122,16:04:16.603731,2788
W0122,16:05:15.541308,2789
W0122,16:05:21.565951,2790
W0122,16:06:18.186321,2791
W0122,16:06:24.143424,2792
W0122,16:07:23.273383,2793
W0122,16:07:29.290839,2794
W0122,16:08:25.353912,2795
W0122,16:08:31.348088,2796
W0122,16:09:30.148427,2797
W0122,16:09:36.171664,2798
W0122,16:10:32.551157,2799
W0122,16:10:38.600947,2800
W0122,16:11:37.695303,2801
W0122,16:11:43.714272,2802
W0122,16:12:40.624596,2803
W0122,16:12:46.613876,2804
W0122,16:13:45.354864,2805
W0122,16:13:51.373157,2806
W0122,16:14:47.840332,2807
W0122,16:14:53.893744,2808
W0122,16:19:58.211292,2809
W0122,16:20:04.205696,2810
W0122,16:21:00.579638,2811
W0122,16:21:06.538730,2812
W0122,16:22:05.965670,2813
W0122,16:22:11.984331,2814
W0122,16:23:08.681372,2815
W0122,16:23:14.672848,2816
W0122,16:24:13.671834,2817
W0122,16:24:19.694842,2818
W0122,16:25:16.291942,2819
W0122,16:25:22.247429,2820
W0122,16:26:21.064819,2821
W0122,16:26:27.054075,2822
W0122,16:27:23.748423,2823
W0122,16:27:29.735807,2824
W0122,16:28:28.515620,2825
W0122,16:28:34.502996,2826
W0122,16:29:30.799360,2827
W0122,16:29:36.853714,2828
W0122,16:30:35.581298,2829
W0122,16:30:41.599835,2830
W0122,16:31:38.273646,2831
W0122,16:31:44.324532,2832
W0122,16:32:43.810575,2833
W0122,16:32:49.859978,2834
W0122,16:33:46.318724,2835
W0122,16:33:52.308581,2836
W0122,16:34:51.128192,2837
W0122,16:34:57.115149,2838
W0122,16:35:53.452801,2839
W0122,16:35:59.440389,2840
W0122,16:36:58.317493,2841
W0122,16:37:04.308177,2842
W0122,16:38:00.838261,2843
W0122,16:38:06.861488,2844
W0122,16:39:05.824683,2845
W0122,16:39:11.846443,2846
W0122,16:40:08.626734,2847
W0122,16:40:14.647274,2848
W0122,16:41:14.032811,2849
W0122,16:41:20.078579,2850
W0122,16:42:16.582971,2851
W0122,16:42:22.604189,2852
W0122,16:43:47.847580,2853
W0122,16:43:53.930567,2854
W0122,16:44:50.476871,2855
W0122,16:44:56.531262,2856
W0122,16:45:55.531339,2857
W0122,16:47:45.395401,2858
W0122,16:49:49.598992,2859
W0122,16:49:55.554971,2860
W0122,16:50:52.165349,2861
W0122,16:50:58.217348,2862
W0122,16:51:57.220959,2863
W0122,16:52:03.212260,2864
W0122,16:53:00.059442,2865
W0122,16:55:02.673154,2866
W0122,16:55:08.726158,2867
W0123,09:13:10.099390,2868
W0123,09:13:15.274642,2869
W0123,09:14:12.215019,2870
W0123,09:14:17.873337,2871
W0123,09:15:17.690958,2872
W0123,09:15:23.045792,2873
W0123,09:16:20.485714,2874
W0123,09:16:25.809934,2875
W0123,09:17:25.681375,2876
W0123,09:17:31.039516,2877
W0123,09:18:28.191236,2878
W0123,09:18:33.550437,2879
W0123,09:19:32.832096,2880
W0123,09:19:38.195402,2881
W0123,09:20:35.231053,2882
W0123,09:20:40.863415,2883
W0123,09:21:40.386303,2884
W0123,09:21:45.775794,2885
W0123,09:22:43.175436,2886
W0123,09:22:48.559320,2887
W0123,09:23:47.724819,2888
W0123,09:23:53.082077,2889
W0123,09:24:50.371169,2890
W0123,09:24:55.761787,2891
W0123,09:25:55.313609,2892
W0123,09:26:00.733815,2893
W0123,09:26:57.620373,2894
W0123,09:27:03.040845,2895
W0123,09:28:02.431000,2896
W0123,09:28:07.817417,2897
W0123,09:29:04.686517,2898
W0123,09:29:10.071748,2899
W0123,09:30:09.664655,2900
W0123,09:30:15.291383,2901
W0123,09:31:12.420511,2902
W0123,09:31:17.838296,2903
W0123,09:32:17.102838,2904
W0123,09:32:22.557071,2905
W0123,09:33:19.419486,2906
W0123,09:33:24.902484,2907
W0123,09:34:24.059149,2908
W0123,09:34:29.477252,2909
W0123,09:35:26.523675,2910
W0123,09:35:32.000450,2911
W0123,09:36:31.407106,2912
W0123,09:36:36.913446,2913
W0123,09:37:33.548664,2914
W0123,09:37:39.023555,2915
W0123,09:38:38.259474,2916
W0123,09:38:43.797674,2917
W0123,09:39:40.643836,2918
W0123,09:39:46.123728,2919
W0123,09:40:45.172806,2920
W0123,09:40:50.715296,2921
W0123,09:41:47.352643,2922
W0123,09:41:52.861120,2923
W0123,09:42:52.149878,2924
W0123,09:42:57.659088,2925
W0123,09:43:54.434847,2926
W0123,09:43:59.947046,2927
W0123,09:44:59.014336,2928
W0123,09:45:04.490442,2929
W0123,09:46:00.955102,2930
W0123,09:46:06.463063,2931
W0123,09:47:05.885757,2932
W0123,09:47:11.425307,2933
W0123,09:48:08.737519,2934
W0123,09:48:14.243880,2935
W0123,09:49:13.497370,2936
W0123,09:49:18.974838,2937
W0123,09:50:15.819373,2938
W0123,09:50:21.416272,2939
W0123,09:51:21.016343,2940
W0123,09:51:26.559980,2941
W0123,09:52:23.509123,2942
W0123,09:52:29.077545,2943
W0123,09:53:28.226814,2944
W0123,09:53:33.765836,2945
W0123,09:54:30.466478,2946
W0123,09:54:36.031929,2947
W0123,09:55:35.235168,2948
W0123,09:55:40.837744,2949
W0123,09:56:37.619252,2950
W0123,09:56:43.215616,2951
W0123,09:57:42.393903,2952
W0123,09:57:47.966610,2953
W0123,09:58:44.715313,2954
W0123,09:58:50.342496,2955
W0123,09:59:49.565060,2956
W0123,09:59:55.133731,2957
W0123,10:00:51.766670,2958
W0123,10:00:57.362815,2959
W0123,10:01:56.446009,2960
W0123,10:02:02.074093,2961
W0123,10:02:58.356328,2962
W0123,10:03:03.956822,2963
W0123,10:04:03.224684,2964
W0123,10:04:08.851377,2965
W0123,10:05:05.482524,2966
W0123,10:05:11.110677,2967
W0123,10:06:10.272231,2968
W0123,10:06:15.934142,2969
W0123,10:07:12.282258,2970
W0123,10:07:17.886890,2971
W0123,10:08:16.913093,2972
W0123,10:08:22.539570,2973
W0123,10:09:19.078135,2974
W0123,10:09:24.765070,2975
W0123,10:10:24.043083,2976
W0123,10:10:29.737516,2977
W0123,10:11:26.346824,2978
W0123,10:11:32.004891,2979
W0123,10:12:31.226264,2980
W0123,10:12:36.882802,2981
W0123,10:13:33.392719,2982
W0123,10:13:39.055241,2983
W0123,10:14:38.359722,2984
W0123,10:14:44.021533,2985
W0123,10:15:40.424700,2986
W0123,10:15:46.109437,2987
W0123,10:16:45.127012,2988
W0123,10:16:50.830613,2989
W0123,10:17:47.530623,2990
W0123,10:17:53.225984,2991
W0123,10:18:52.376981,2992
W0123,10:18:58.071556,2993
W0123,10:19:54.514920,2994
W0123,10:20:00.230767,2995
W0123,10:20:59.273110,2996
W0123,10:21:04.997359,2997
W0123,10:22:01.482375,2998
W0123,10:22:07.204159,2999
W0123,10:23:06.224267,3000
W0123,10:23:11.918572,3001
W0123,10:24:08.310256,3002
W0123,10:24:14.030710,3003
W0123,10:28:30.103448,3004
W0123,10:28:35.856240,3005
W0123,10:29:32.242563,3006
W0123,10:29:37.932422,3007
W0123,10:30:37.063930,3008
W0123,10:30:42.753466,3009
W0123,10:31:39.275955,3010
W0123,10:31:44.992414,3011
W0123,10:32:44.341301,3012
W0123,10:32:50.119246,3013
W0123,10:33:46.364876,3014
W0123,10:33:52.086699,3015
W0123,10:34:51.077580,3016
W0123,10:34:56.822919,3017
W0123,10:35:53.308596,3018
W0123,10:35:59.054155,3019
W0123,10:36:58.059005,3020
W0123,10:37:03.776340,3021
W0123,10:38:00.211660,3022
W0123,10:38:05.993959,3023
W0123,10:39:05.214278,3024
W0123,10:39:10.996852,3025
W0123,10:40:07.603276,3026
W0123,10:40:13.384749,3027
W0123,10:41:12.652884,3028
W0123,10:41:18.375222,3029
W0123,10:42:14.904029,3030
W0123,10:42:20.679993,3031
W0123,10:43:19.778861,3032
W0123,10:43:25.529772,3033
W0123,10:44:22.067451,3034
W0123,10:44:27.878561,3035
W0123,10:45:27.062341,3036
W0123,10:45:32.809170,3037
W0123,10:46:29.282727,3038
W0123,10:46:35.124306,3039
W0123,10:47:34.046466,3040
W0123,10:47:39.828006,3041
W0123,10:48:36.454598,3042
W0123,10:48:42.261083,3043
W0123,10:49:41.317821,3044
W0123,10:49:47.132208,3045
W0123,10:50:43.477461,3046
W0123,10:50:49.319963,3047
W0123,10:51:48.556648,3048
W0123,10:51:54.397492,3049
W0123,10:52:51.119932,3050
W0123,10:52:56.934825,3051
W0123,10:53:55.914004,3052
W0123,10:54:01.727993,3053
W0123,10:54:58.103852,3054
W0123,10:55:03.943207,3055
W0123,10:56:02.907824,3056
W0123,10:56:08.744253,3057
W0123,10:57:05.360476,3058
W0123,10:57:11.137151,3059
W0123,10:58:10.394580,3060
W0123,10:58:16.229568,3061
W0123,10:59:12.987871,3062
W0123,10:59:18.797818,3063
W0123,11:00:17.712460,3064
W0123,11:00:23.550238,3065
W0123,11:01:19.979146,3066
W0123,11:01:25.816202,3067
W0123,11:02:24.896994,3068
W0123,11:02:30.770874,3069
W0123,11:03:27.784649,3070
W0123,11:03:33.654395,3071
W0123,11:04:32.950172,3072
W0123,11:04:38.789196,3073
W0123,11:05:35.290096,3074
W0123,11:05:41.157208,3075
W0123,11:06:40.568526,3076
W0123,11:06:46.471326,3077
W0123,11:07:43.249492,3078
W0123,11:07:49.118842,3079
W0123,11:08:47.821033,3080
W0123,11:08:53.727097,3081
W0123,11:09:50.009061,3082
W0123,11:09:55.879299,3083
W0123,11:10:54.877812,3084
W0123,11:11:00.774585,3085
W0123,11:11:57.313233,3086
W0123,11:12:03.178412,3087
W0123,11:13:02.539808,3088
W0123,11:13:08.498463,3089
W0123,11:14:04.681885,3090
W0123,11:14:10.584875,3091
W0123,11:15:09.524080,3092
W0123,11:15:15.422072,3093
W0123,11:16:11.714447,3094
W0123,11:16:17.588136,3095
W0123,11:17:16.431157,3096
W0123,11:17:22.361203,3097
W0123,11:18:18.561421,3098
W0123,11:18:24.463514,3099
W0123,11:19:23.688563,3100
W0123,11:19:29.624408,3101
W0123,11:20:27.916712,3102
W0123,11:20:33.820408,3103
W0123,11:21:32.849185,3104
W0123,11:21:38.753616,3105
W0123,11:22:34.893049,3106
W0123,11:22:40.826205,3107
W0123,11:23:40.034989,3108
W0123,11:23:45.968817,3109
W0123,11:24:42.560189,3110
W0123,11:24:48.462541,3111
W0123,11:25:47.491842,3112
W0123,11:25:53.395073,3113
W0123,11:26:49.472823,3114
W0123,11:26:55.372712,3115
W0123,11:27:54.375620,3116
W0123,11:28:00.339836,3117
W0123,11:28:56.871639,3118
W0123,11:29:02.834998,3119
W0123,11:30:02.176751,3120
W0123,11:30:08.165256,3121
W0123,11:31:04.523054,3122
W0123,11:31:10.451541,3123
W0123,11:32:09.407582,3124
W0123,11:32:15.393357,3125
W0123,11:33:11.709179,3126
W0123,11:33:17.643826,3127
W0123,11:34:17.109208,3128
W0123,11:34:23.099620,3129
W0123,11:35:19.360905,3130
W0123,11:35:25.319099,3131
W0123,11:36:24.331036,3132
W0123,11:36:30.295522,3133
W0123,11:37:26.512625,3134
W0123,11:37:32.498992,3135
W0123,11:38:31.445933,3136
W0123,11:38:37.341550,3137
W0123,11:39:33.708966,3138
W0123,11:39:39.664983,3139
W0123,11:41:17.258651,3140
W0123,11:41:23.221638,3141
W0123,11:42:20.209383,3142
W0123,11:42:26.206071,3143
W0123,11:43:25.766727,3144
W0123,11:43:31.730103,3145
W0123,11:44:27.958112,3146
W0123,11:44:33.944931,3147
W0123,11:45:32.910037,3148
W0123,11:45:38.903765,3149
W0123,11:46:35.464824,3150
W0123,11:46:41.422145,3151
W0123,11:47:40.790191,3152
W0123,11:47:46.777295,3153
W0123,11:48:43.184796,3154
W0123,11:48:49.173348,3155
W0123,11:49:48.281421,3156
W0123,11:49:54.297094,3157
W0123,11:50:50.862076,3158
W0123,11:50:56.826038,3159
W0123,11:51:55.796322,3160
W0123,11:52:01.759377,3161
W0123,11:52:58.423614,3162
W0123,13:13:18.273032,3163
W0123,13:13:23.538388,3164
W0123,13:14:20.166518,3165
W0123,13:14:25.734089,3166
W0123,13:15:24.969667,3167
W0123,13:15:30.538700,3168
W0123,13:16:27.474809,3169
W0123,13:16:33.045953,3170
W0123,13:17:32.221881,3171
W0123,13:17:37.884405,3172
W0123,13:18:34.256603,3173
W0123,13:18:39.916908,3174
W0123,13:19:38.998955,3175
W0123,13:19:44.660365,3176
W0123,13:23:16.930011,3177
W0123,13:23:22.653151,3178
W0123,13:24:19.179592,3179
W0123,13:24:24.813346,3180
W0123,13:25:23.939596,3181
W0123,13:25:29.601990,3182
W0123,13:26:26.310688,3183
W0123,13:26:31.989979,3184
W0123,13:27:31.154157,3185
W0123,13:27:36.873278,3186
W0123,13:28:33.250273,3187
W0123,13:28:38.906919,3188
W0123,13:29:37.971902,3189
W0123,13:29:43.661602,3190
W0123,13:39:44.670619,3191
W0123,13:39:50.389223,3192
W0123,13:40:47.289217,3193
W0123,13:40:53.013355,3194
W0123,13:41:52.353389,3195
W0123,13:41:58.046046,3196
W0123,13:42:54.525291,3197
W0123,13:43:00.243721,3198
W0123,13:43:59.468358,3199
W0123,13:44:05.129130,3200
W0123,13:45:01.649502,3201
W0123,13:45:07.339568,3202
W0123,13:46:06.474419,3203
W0123,13:46:12.130533,3204
W0123,13:47:08.600381,3205
W0123,13:47:14.290686,3206
W0123,13:48:13.227989,3207
W0123,13:48:18.981982,3208
W0123,13:49:15.501657,3209
W0123,13:49:21.256348,3210
W0123,13:50:20.457892,3211
W0123,13:50:26.180912,3212
W0123,13:51:22.944137,3213
W0123,13:51:28.668080,3214
W0123,13:52:27.598011,3215
W0123,13:52:33.549901,3216
W0123,13:53:30.107779,3217
W0123,13:53:35.855086,3218
W0123,13:54:34.926609,3219
W0123,13:54:40.704015,3220
W0123,13:55:37.143265,3221
W0123,13:55:42.890980,3222
W0123,13:56:42.256850,3223
W0123,13:56:48.039021,3224
W0123,13:57:44.365250,3225
W0123,13:57:50.145380,3226
W0123,13:58:49.208109,3227
W0123,13:58:54.925365,3228
W0123,13:59:51.427415,3229
W0123,13:59:57.234315,3230
W0123,14:00:56.318351,3231
W0123,14:01:02.123080,3232
W0123,14:01:59.018146,3233
W0123,14:02:04.802908,3234
W0123,14:03:03.752446,3235
W0123,14:03:09.563606,3236
W0123,14:04:06.470181,3237
W0123,14:04:12.283672,3238
W0123,14:05:11.523270,3239
W0123,14:05:17.338517,3240
W0123,14:06:13.942426,3241
W0123,14:06:19.756611,3242
W0123,14:07:19.018462,3243
W0123,14:07:24.829252,3244
W0123,14:08:21.060294,3245
W0123,14:08:26.896067,3246
W0123,14:09:25.996315,3247
W0123,14:09:31.802982,3248
W0123,14:10:28.386041,3249
W0123,14:10:34.245450,3250
W0123,14:11:33.629036,3251
W0123,14:11:39.439306,3252
W0123,14:12:35.997249,3253
W0123,14:12:41.835332,3254
W0123,14:13:40.821345,3255
W0123,14:13:46.662958,3256
W0123,14:14:43.113559,3257
W0123,14:14:48.920033,3258
W0123,14:15:48.087437,3259
W0123,14:15:53.928701,3260
W0123,14:16:50.277448,3261
W0123,14:16:56.113090,3262
W0123,14:17:55.000273,3263
W0123,14:18:00.845626,3264
W0123,14:18:56.851910,3265
W0123,14:19:02.757513,3266
W0123,14:20:02.020992,3267
W0123,14:20:07.947774,3268
W0123,14:21:04.471501,3269
W0123,14:21:10.374481,3270
W0123,14:22:09.405869,3271
W0123,14:22:15.276201,3272
W0123,14:23:11.782682,3273
W0123,14:23:17.619237,3274
W0123,14:24:16.394951,3275
W0123,14:24:22.300374,3276
W0123,14:25:18.478487,3277
W0123,14:25:24.353865,3278
W0123,14:26:23.811055,3279
W0123,14:26:29.713502,3280
W0123,14:27:26.392040,3281
W0123,14:27:32.351482,3282
W0123,14:28:31.273695,3283
W0123,14:28:37.238734,3284
W0123,14:29:33.620584,3285
W0123,14:29:39.550148,3286
W0123,14:30:38.422241,3287
W0123,14:30:44.353374,3288
W0123,14:31:41.020555,3289
W0123,14:31:46.982583,3290
W0123,14:32:46.102763,3291
W0123,14:32:52.033174,3292
W0123,14:33:48.081661,3293
W0123,14:33:53.986191,3294
W0123,14:34:52.932710,3295
W0123,14:34:58.867168,3296
W0123,14:35:55.357343,3297
W0123,14:38:01.654304,3298
W0123,14:39:01.361181,3299
W0123,14:39:07.112190,3300
W0123,14:40:03.329939,3301
W0123,14:40:09.234145,3302
W0123,14:41:08.227005,3303
W0123,14:41:14.158703,3304
W0123,14:42:10.676374,3305
W0123,14:42:16.574368,3306
W0123,14:43:15.756369,3307
W0123,14:43:21.714630,3308
W0123,14:44:17.859304,3309
W0123,14:44:23.785391,3310
W0123,14:45:22.772576,3311
W0123,14:45:28.736765,3312
W0123,14:46:25.305542,3313
W0123,14:46:31.261444,3314
W0123,14:47:30.212222,3315
W0123,14:47:36.108515,3316
W0123,14:48:32.691972,3317
W0123,14:48:38.682763,3318
W0123,14:49:37.514956,3319
W0123,14:49:43.447414,3320
W0123,14:50:39.771188,3321
W0123,14:50:45.702803,3322
W0123,14:51:44.651655,3323
W0123,14:51:50.636904,3324
W0123,14:52:47.085597,3325
W0123,14:52:53.073196,3326
W0123,14:53:51.762141,3327
W0123,14:53:57.658891,3328
W0123,14:54:53.900807,3329
W0123,14:54:59.858295,3330
W0123,14:55:58.535117,3331
W0123,14:56:04.497823,3332
W0123,14:57:00.872638,3333
W0123,14:58:41.874336,3334
W0123,14:59:38.430577,3335
W0123,14:59:44.359488,3336
W0123,15:00:40.570246,3337
W0123,15:00:46.566586,3338
W0123,15:00:53.874297,3339
W0123,15:01:45.605994,3340
W0123,15:01:51.538583,3341
W0123,15:02:47.895332,3342
W0123,15:02:53.915400,3343
W0123,15:03:01.174489,3344
W0123,15:03:53.080109,3345
W0123,15:03:59.042927,3346
W0123,15:04:56.050580,3347
W0123,15:05:02.043551,3348
W0123,15:05:09.374377,3349
W0123,15:06:01.068639,3350
W0123,15:06:07.033772,3351
W0123,15:07:03.501262,3352
W0123,15:07:09.488574,3353
W0123,15:07:17.174398,3354
W0123,15:08:09.955296,3355
W0123,15:08:15.946292,3356
W0123,15:09:12.597110,3357
W0123,15:09:18.618985,3358
W0123,15:10:17.374544,3359
W0123,15:10:40.974856,3360
W0123,15:11:33.944135,3361
W0123,15:11:39.910511,3362
W0123,15:12:36.275436,3363
W0123,15:12:42.234406,3364
W0123,15:12:49.574898,3365
W0123,15:13:41.393487,3366
W0123,15:13:47.388638,3367
W0123,15:14:43.720707,3368
W0123,15:14:49.740449,3369
W0123,15:14:56.975076,3370
W0123,15:15:48.542987,3371
W0123,15:15:54.472416,3372
W0123,15:16:50.875321,3373
W0123,15:16:56.870553,3374
W0123,15:17:40.274392,3375
W0123,15:18:33.004781,3376
W0123,15:18:39.024552,3377
W0123,15:19:35.700270,3378
W0123,15:19:41.686781,3379
W0123,15:19:48.974576,3380
W0123,15:20:40.670399,3381
W0123,15:20:46.747998,3382
W0123,15:21:43.151410,3383
W0123,15:21:49.199477,3384
W0123,15:21:56.574388,3385
W0123,15:22:48.208101,3386
W0123,15:22:54.168453,3387
W0123,15:23:50.573619,3388
W0123,15:23:56.593598,3389
W0123,15:24:34.974386,3390
W0123,15:24:51.698486,3391
W0123,15:25:44.280081,3392
W0123,15:25:50.301851,3393
W0123,15:26:46.606446,3394
W0123,15:26:52.593325,3395
W0123,15:27:28.974793,3396
W0123,15:28:21.574640,3397
W0123,15:28:27.560395,3398
W0123,15:29:24.293303,3399
W0123,15:29:30.310442,3400
W0123,15:29:37.574360,3401
W0123,15:30:29.342911,3402
W0123,15:30:35.336606,3403
W0123,15:31:31.744730,3404
W0123,15:31:37.732503,3405
W0123,15:31:45.374397,3406
W0123,15:32:36.882084,3407
W0123,15:32:42.907016,3408
W0123,15:33:39.355049,3409
W0123,15:37:04.474371,3410
W0123,15:37:57.273304,3411
W0123,15:38:03.229934,3412
W0123,15:38:59.733407,3413
W0123,15:39:51.574507,3414
W0123,15:40:48.264739,3415
W0123,15:40:54.195264,3416
W0123,15:41:50.514340,3417
W0123,15:41:56.470840,3418
W0123,15:42:03.774369,3419
W0123,15:42:55.414177,3420
W0123,15:43:01.347151,3421
W0123,15:44:54.574419,3422
W0123,15:45:30.336041,3423
W0123,15:45:36.299244,3424
W0123,15:46:32.455155,3425
W0123,15:46:38.413448,3426
W0123,15:46:45.674890,3427
W0123,15:47:37.547758,3428
W0123,15:47:43.480137,3429
W0123,15:48:39.754097,3430
W0123,15:48:45.740525,3431
W0123,15:48:52.974612,3432
W0123,15:49:44.668368,3433
W0123,15:49:50.599602,3434
W0123,15:50:47.016767,3435
W0123,15:50:53.003317,3436
W0123,15:51:00.374379,3437
W0123,15:51:52.065941,3438
W0123,15:51:58.090615,3439
W0123,15:52:54.557233,3440
W0123,15:53:00.610334,3441
W0123,15:53:07.974447,3442
W0123,15:53:59.739866,3443
W0123,15:54:05.702739,3444
W0123,15:55:02.098613,3445
W0123,15:55:08.063196,3446
W0123,15:55:15.374393,3447
W0123,15:56:06.785751,3448
W0123,15:56:12.777220,3449
W0123,15:57:09.162938,3450
W0123,15:57:15.186626,3451
W0123,15:57:22.574460,3452
W0123,15:58:14.291200,3453
W0123,15:58:20.285766,3454
W0123,15:59:16.822892,3455
W0123,15:59:22.868877,3456
W0123,15:59:30.174331,3457
W0123,16:00:22.280289,3458
W0123,16:00:28.266695,3459
W0123,16:01:24.486979,3460
W0123,16:01:30.476122,3461
W0123,16:01:37.775185,3462
W0123,16:02:29.349252,3463
W0123,16:02:35.333705,3464
W0123,16:03:31.662971,3465
W0123,16:03:37.623333,3466
W0123,16:03:44.974579,3467
W0123,16:04:36.911638,3468
W0123,16:06:08.174412,3469
W0123,16:06:48.176688,3470
W0123,16:06:54.178382,3471
W0123,16:07:50.430629,3472
W0123,16:07:56.452795,3473
W0123,16:08:03.774382,3474
W0123,16:08:55.549011,3475
W0123,16:09:01.539285,3476
W0123,16:09:57.716115,3477
W0123,16:10:03.715512,3478
W0123,16:10:11.074311,3479
W0123,16:11:02.871001,3480
W0123,16:11:08.865523,3481
W0123,16:12:05.011379,3482
W0123,16:12:11.027710,3483
W0123,16:12:18.674357,3484
W0123,16:13:10.418231,3485
W0123,16:13:16.473129,3486
W0123,16:14:12.975234,3487
W0123,16:14:18.963447,3488
W0123,16:14:26.274295,3489
W0123,16:15:18.036885,3490
W0123,16:15:24.027172,3491
W0123,16:16:20.880843,3492
W0123,16:16:26.904467,3493
W0123,16:16:34.274282,3494
W0123,16:17:25.857637,3495
W0123,16:17:31.904625,3496
W0123,16:18:28.262575,3497
W0123,16:18:34.312564,3498
W0123,16:18:41.574405,3499
W0123,16:19:33.368575,3500
W0123,16:19:39.444748,3501
W0123,16:22:43.074285,3502
W0123,16:23:34.876047,3503
W0123,16:23:40.863850,3504
W0123,16:24:37.215560,3505
W0123,16:24:43.178966,3506
W0123,16:24:50.474453,3507
W0123,16:25:42.279243,3508
W0123,16:25:48.267207,3509
W0123,16:26:44.814366,3510
W0123,16:26:50.830053,3511
W0123,16:26:58.174286,3512
W0123,16:27:49.610620,3513
W0123,16:27:55.600493,3514
W0123,16:28:51.869428,3515
W0123,16:28:57.887187,3516
W0123,16:29:05.274338,3517
W0123,16:29:56.933923,3518
W0123,16:30:02.981438,3519
W0123,16:30:59.322144,3520
W0123,16:31:05.340778,3521
W0123,16:31:12.674288,3522
W0123,16:32:04.287247,3523
W0123,16:32:10.394942,3524
W0123,16:33:06.874797,3525
W0123,16:33:12.929841,3526
W0123,16:33:20.274374,3527
W0123,16:34:12.178122,3528
W0123,16:34:18.196663,3529
W0123,16:35:14.649089,3530
W0123,16:35:20.694211,3531
W0123,16:35:28.074366,3532
W0123,16:36:19.917326,3533
W0123,16:36:25.965984,3534
W0123,16:37:22.506595,3535
W0123,16:37:28.552546,3536
W0123,16:37:36.174373,3537
W0123,16:38:27.815623,3538
W0123,16:38:33.862704,3539
W0123,16:39:30.069363,3540
W0123,16:39:36.121731,3541
W0123,16:39:43.474377,3542
W0123,16:40:35.235340,3543
W0123,16:40:41.281395,3544
W0123,16:41:37.741453,3545
W0123,16:41:43.763406,3546
W0123,16:41:51.074309,3547
W0123,16:42:42.939283,3548
W0123,16:42:48.962958,3549
W0123,16:43:45.761626,3550
W0123,16:43:51.842267,3551
W0123,16:43:59.474431,3552
W0123,16:44:52.167959,3553
W0123,16:44:58.213904,3554
W0123,16:45:54.868041,3555
W0123,16:46:00.981988,3556
W0123,16:46:08.274981,3557
W0123,16:46:59.998517,3558
W0123,16:47:06.048403,3559
W0123,16:48:02.430429,3560
W0123,16:48:08.505919,3561
W0123,16:48:16.174405,3562
W0123,16:49:08.534055,3563
W0123,16:49:14.646183,3564
W0123,16:50:11.095990,3565
W0123,16:50:17.204566,3566
W0123,16:50:24.474295,3567
W0123,16:51:16.185168,3568
W0123,16:51:39.374405,3569
W0123,16:52:19.515816,3570
W0123,16:52:25.563120,3571
W0123,16:53:21.628211,3572
W0123,16:53:27.735610,3573
W0123,16:53:35.474311,3574
W0123,16:54:28.347093,3575
W0123,16:54:34.400761,3576
W0124,09:38:26.714514,3577
